,금융기관별,구별,동별,2018 년,2019 년,2020 년,2021 년,2022 년
0,우리은행,종로구,사직동,2.0,2.0,1.0,2.0,2.0
1,우리은행,종로구,삼청동,1.0,1.0,1.0,1.0,1.0
2,우리은행,종로구,부암동,1.0,1.0,1.0,1.0,0.0
3,우리은행,종로구,평창동,1.0,1.0,1.0,1.0,1.0
4,우리은행,종로구,교남동,0.0,0.0,1.0,1.0,1.0
5,우리은행,종로구,가회동,1.0,1.0,1.0,1.0,1.0
6,우리은행,종로구,종로1.2.3.4가동,8.0,8.0,6.0,6.0,5.0
7,우리은행,종로구,종로5.6가동,2.0,1.0,1.0,1.0,1.0
8,우리은행,종로구,창신1동,1.0,1.0,1.0,1.0,1.0
9,우리은행,종로구,창신2동,1.0,1.0,1.0,1.0,1.0
10,우리은행,종로구,숭인2동,1.0,1.0,1.0,1.0,1.0
11,우리은행,종로구,청운효자동,1.0,1.0,1.0,1.0,1.0
12,우리은행,종로구,혜화동,2.0,2.0,2.0,2.0,2.0
13,우리은행,중구,소공동,3.0,3.0,2.0,2.0,2.0
14,우리은행,중구,회현동,4.0,4.0,4.0,5.0,5.0
15,우리은행,중구,명동,7.0,6.0,7.0,6.0,5.0
16,우리은행,중구,필동,1.0,1.0,1.0,1.0,1.0
17,우리은행,중구,장충동,2.0,2.0,2.0,2.0,0.0
18,우리은행,중구,광희동,5.0,5.0,4.0,3.0,3.0
19,우리은행,중구,을지로동,4.0,3.0,3.0,3.0,3.0
20,우리은행,중구,황학동,1.0,1.0,1.0,0.0,0.0
21,우리은행,중구,중림동,2.0,2.0,2.0,2.0,2.0
22,우리은행,중구,신당동,1.0,1.0,1.0,1.0,1.0
23,우리은행,중구,다산동,1.0,1.0,1.0,1.0,1.0
24,우리은행,중구,약수동,1.0,1.0,1.0,1.0,1.0
25,우리은행,용산구,남영동,1.0,1.0,1.0,1.0,1.0
26,우리은행,용산구,원효로2동,1.0,1.0,1.0,1.0,1.0
27,우리은행,용산구,이촌1동,1.0,1.0,1.0,1.0,1.0
28,우리은행,용산구,이태원1동,0.0,0.0,0.0,0.0,1.0
29,우리은행,용산구,이태원2동,1.0,1.0,1.0,1.0,0.0
30,우리은행,용산구,서빙고동,1.0,1.0,0.0,0.0,0.0
31,우리은행,용산구,청파동,1.0,1.0,1.0,0.0,0.0
32,우리은행,용산구,원효로1동,1.0,1.0,1.0,1.0,0.0
33,우리은행,용산구,한강로동,6.0,6.0,5.0,5.0,5.0
34,우리은행,용산구,한남동,2.0,2.0,2.0,2.0,2.0
35,우리은행,성동구,마장동,1.0,1.0,1.0,1.0,1.0
36,우리은행,성동구,행당1동,2.0,1.0,1.0,1.0,1.0
37,우리은행,성동구,금호4가동,1.0,1.0,1.0,1.0,1.0
38,우리은행,성동구,성수1가1동,1.0,1.0,1.0,1.0,1.0
39,우리은행,성동구,성수1가2동,1.0,1.0,1.0,1.0,0.0
40,우리은행,성동구,성수2가3동,2.0,2.0,2.0,2.0,2.0
41,우리은행,성동구,용답동,1.0,1.0,0.0,0.0,0.0
42,우리은행,광진구,군자동,2.0,2.0,2.0,1.0,1.0
43,우리은행,광진구,중곡4동,1.0,1.0,1.0,1.0,1.0
44,우리은행,광진구,구의2동,1.0,1.0,1.0,0.0,0.0
45,우리은행,광진구,구의3동,1.0,1.0,1.0,1.0,1.0
46,우리은행,광진구,광장동,2.0,2.0,2.0,2.0,2.0
47,우리은행,광진구,자양1동,2.0,1.0,1.0,1.0,1.0
48,우리은행,광진구,자양3동,1.0,1.0,1.0,1.0,0.0
49,우리은행,광진구,자양4동,1.0,1.0,1.0,1.0,1.0
50,우리은행,동대문구,회기동,2.0,2.0,1.0,1.0,1.0
51,우리은행,동대문구,휘경2동,1.0,1.0,2.0,2.0,2.0
52,우리은행,동대문구,청량리동,1.0,1.0,0.0,0.0,0.0
53,우리은행,동대문구,용신동,1.0,1.0,1.0,1.0,1.0
54,우리은행,동대문구,제기동,1.0,1.0,1.0,1.0,1.0
55,우리은행,동대문구,전농1동,1.0,1.0,1.0,1.0,1.0
56,우리은행,동대문구,전농2동,1.0,1.0,0.0,0.0,0.0
57,우리은행,동대문구,답십리1동,1.0,1.0,1.0,1.0,1.0
58,우리은행,동대문구,장안1동,2.0,2.0,2.0,2.0,1.0
59,우리은행,동대문구,장안2동,1.0,1.0,1.0,1.0,1.0
60,우리은행,동대문구,이문1동,1.0,1.0,1.0,1.0,1.0
61,우리은행,중랑구,면목7동,1.0,1.0,1.0,1.0,1.0
62,우리은행,중랑구,상봉2동,1.0,1.0,1.0,1.0,1.0
63,우리은행,중랑구,중화2동,1.0,1.0,1.0,1.0,0.0
64,우리은행,중랑구,묵1동,1.0,1.0,1.0,1.0,1.0
65,우리은행,중랑구,망우3동,1.0,1.0,1.0,1.0,1.0
66,우리은행,중랑구,신내1동,1.0,1.0,1.0,1.0,0.0
67,우리은행,중랑구,신내2동,1.0,1.0,1.0,1.0,1.0
68,우리은행,중랑구,망우본동,1.0,1.0,1.0,1.0,1.0
69,우리은행,성북구,돈암2동,0.0,0.0,0.0,0.0,1.0
70,우리은행,성북구,보문동,1.0,1.0,1.0,1.0,0.0
71,우리은행,성북구,정릉3동,1.0,1.0,1.0,1.0,1.0
72,우리은행,성북구,길음1동,1.0,1.0,1.0,1.0,1.0
73,우리은행,성북구,길음2동,0.0,0.0,0.0,0.0,1.0
74,우리은행,성북구,월곡1동,1.0,1.0,1.0,1.0,1.0
75,우리은행,성북구,월곡2동,1.0,1.0,1.0,1.0,1.0
76,우리은행,성북구,장위1동,1.0,1.0,1.0,1.0,1.0
77,우리은행,성북구,삼선동,2.0,2.0,2.0,2.0,2.0
78,우리은행,성북구,석관동,1.0,1.0,1.0,1.0,1.0
79,우리은행,강북구,수유3동,2.0,1.0,1.0,1.0,1.0
80,우리은행,강북구,미아동,1.0,1.0,1.0,1.0,1.0
81,우리은행,강북구,송천동,1.0,1.0,1.0,1.0,0.0
82,우리은행,강북구,인수동,1.0,1.0,1.0,0.0,0.0
83,우리은행,도봉구,방학1동,2.0,2.0,2.0,2.0,2.0
84,우리은행,도봉구,방학3동,1.0,1.0,1.0,1.0,0.0
85,우리은행,도봉구,창4동,1.0,1.0,1.0,1.0,1.0
86,우리은행,도봉구,창5동,1.0,1.0,1.0,1.0,1.0
87,우리은행,노원구,공릉2동,2.0,2.0,2.0,2.0,2.0
88,우리은행,노원구,하계1동,1.0,1.0,1.0,0.0,0.0
89,우리은행,노원구,중계1동,1.0,1.0,1.0,1.0,1.0
90,우리은행,노원구,중계4동,1.0,1.0,1.0,1.0,1.0
91,우리은행,노원구,상계8동,1.0,1.0,1.0,1.0,1.0
92,우리은행,노원구,상계6.7동,4.0,2.0,2.0,2.0,2.0
93,우리은행,노원구,중계2.3동,1.0,1.0,1.0,1.0,1.0
94,우리은행,노원구,공릉1동,1.0,1.0,0.0,0.0,0.0
95,우리은행,은평구,녹번동,1.0,1.0,1.0,1.0,1.0
96,우리은행,은평구,대조동,2.0,2.0,2.0,2.0,2.0
97,우리은행,은평구,응암1동,1.0,1.0,1.0,1.0,1.0
98,우리은행,은평구,진관동,1.0,2.0,2.0,2.0,2.0
99,우리은행,은평구,응암3동,1.0,1.0,1.0,1.0,1.0
100,우리은행,은평구,역촌동,1.0,1.0,1.0,1.0,1.0
101,우리은행,서대문구,천연동,1.0,1.0,1.0,1.0,1.0
102,우리은행,서대문구,홍제1동,1.0,1.0,1.0,1.0,0.0
103,우리은행,서대문구,홍제3동,1.0,1.0,1.0,1.0,1.0
104,우리은행,서대문구,홍은1동,1.0,1.0,0.0,0.0,0.0
105,우리은행,서대문구,남가좌2동,1.0,1.0,1.0,1.0,1.0
106,우리은행,서대문구,북가좌2동,1.0,1.0,1.0,1.0,1.0
107,우리은행,서대문구,충현동,1.0,1.0,1.0,1.0,1.0
108,우리은행,서대문구,북아현동,1.0,1.0,1.0,1.0,1.0
109,우리은행,서대문구,신촌동,2.0,2.0,2.0,2.0,2.0
110,우리은행,서대문구,연희동,2.0,2.0,2.0,2.0,2.0
111,우리은행,마포구,용강동,1.0,1.0,1.0,1.0,1.0
112,우리은행,마포구,대흥동,3.0,2.0,2.0,2.0,2.0
113,우리은행,마포구,염리동,0.0,1.0,1.0,1.0,1.0
114,우리은행,마포구,서교동,3.0,3.0,3.0,3.0,3.0
115,우리은행,마포구,합정동,1.0,1.0,1.0,1.0,1.0
116,우리은행,마포구,성산2동,1.0,1.0,1.0,1.0,1.0
117,우리은행,마포구,상암동,3.0,3.0,3.0,3.0,2.0
118,우리은행,마포구,도화동,1.0,1.0,1.0,1.0,0.0
119,우리은행,마포구,서강동,1.0,1.0,1.0,1.0,1.0
120,우리은행,마포구,공덕동,1.0,1.0,1.0,1.0,1.0
121,우리은행,마포구,아현동,1.0,1.0,1.0,1.0,1.0
122,우리은행,양천구,목1동,1.0,1.0,1.0,1.0,1.0
123,우리은행,양천구,신월2동,1.0,1.0,1.0,1.0,1.0
124,우리은행,양천구,신월3동,1.0,1.0,1.0,1.0,0.0
125,우리은행,양천구,신월7동,1.0,1.0,1.0,0.0,0.0
126,우리은행,양천구,신정6동,2.0,2.0,2.0,2.0,1.0
127,우리은행,양천구,목5동,1.0,1.0,1.0,1.0,1.0
128,우리은행,양천구,신정4동,1.0,1.0,1.0,1.0,1.0
129,우리은행,강서구,염창동,2.0,2.0,2.0,2.0,2.0
130,우리은행,강서구,등촌3동,1.0,1.0,1.0,1.0,1.0
131,우리은행,강서구,화곡3동,0.0,0.0,0.0,0.0,1.0
132,우리은행,강서구,화곡6동,2.0,2.0,2.0,2.0,2.0
133,우리은행,강서구,화곡8동,1.0,1.0,1.0,1.0,0.0
134,우리은행,강서구,가양1동,1.0,1.0,2.0,2.0,2.0
135,우리은행,강서구,가양2동,1.0,1.0,1.0,1.0,1.0
136,우리은행,강서구,발산1동,1.0,2.0,2.0,2.0,1.0
137,우리은행,강서구,공항동,4.0,2.0,1.0,0.0,0.0
138,우리은행,강서구,방화2동,0.0,1.0,1.0,0.0,1.0
139,우리은행,강서구,방화3동,1.0,1.0,0.0,0.0,0.0
140,우리은행,강서구,화곡1동,1.0,1.0,1.0,0.0,0.0
141,우리은행,구로구,신도림동,1.0,1.0,1.0,1.0,1.0
142,우리은행,구로구,구로1동,1.0,1.0,1.0,0.0,0.0
143,우리은행,구로구,구로3동,2.0,3.0,3.0,3.0,2.0
144,우리은행,구로구,구로4동,2.0,1.0,0.0,0.0,0.0
145,우리은행,구로구,개봉2동,1.0,1.0,1.0,1.0,1.0
146,우리은행,구로구,오류2동,1.0,1.0,0.0,0.0,0.0
147,우리은행,구로구,구로2동,3.0,3.0,3.0,3.0,3.0
148,우리은행,구로구,개봉1동,1.0,1.0,1.0,1.0,1.0
149,우리은행,구로구,오류2동,0.0,0.0,1.0,1.0,1.0
150,우리은행,금천구,가산동,6.0,7.0,6.0,6.0,4.0
151,우리은행,금천구,독산1동,3.0,3.0,1.0,1.0,0.0
152,우리은행,금천구,독산3동,0.0,0.0,0.0,0.0,1.0
153,우리은행,금천구,시흥1동,2.0,2.0,2.0,2.0,2.0
154,우리은행,영등포구,여의동,9.0,9.0,9.0,8.0,7.0
155,우리은행,영등포구,당산1동,3.0,3.0,2.0,2.0,2.0
156,우리은행,영등포구,당산2동,1.0,0.0,0.0,0.0,0.0
157,우리은행,영등포구,양평1동,1.0,1.0,1.0,1.0,1.0
158,우리은행,영등포구,양평2동,0.0,1.0,1.0,1.0,1.0
159,우리은행,영등포구,신길1동,1.0,1.0,1.0,1.0,0.0
160,우리은행,영등포구,신길3동,2.0,2.0,2.0,1.0,1.0
161,우리은행,영등포구,대림1동,1.0,1.0,1.0,1.0,1.0
162,우리은행,영등포구,대림2동,0.0,1.0,0.0,0.0,0.0
163,우리은행,영등포구,대림3동,1.0,1.0,1.0,1.0,1.0
164,우리은행,영등포구,영등포동,3.0,3.0,2.0,2.0,2.0
165,우리은행,영등포구,문래동,1.0,1.0,1.0,1.0,1.0
166,우리은행,동작구,노량진2동,2.0,2.0,2.0,2.0,2.0
167,우리은행,동작구,상도1동,2.0,2.0,2.0,2.0,2.0
168,우리은행,동작구,상도2동,1.0,1.0,1.0,1.0,1.0
169,우리은행,동작구,대방동,1.0,1.0,1.0,1.0,1.0
170,우리은행,동작구,신대방1동,1.0,1.0,1.0,1.0,1.0
171,우리은행,동작구,신대방2동,1.0,1.0,1.0,1.0,1.0
172,우리은행,동작구,흑석동,2.0,2.0,2.0,2.0,2.0
173,우리은행,관악구,보라매동,1.0,1.0,1.0,1.0,1.0
174,우리은행,관악구,행운동,2.0,2.0,1.0,0.0,0.0
175,우리은행,관악구,인헌동,1.0,1.0,1.0,1.0,1.0
176,우리은행,관악구,남현동,1.0,1.0,1.0,1.0,1.0
177,우리은행,관악구,서림동,1.0,1.0,0.0,0.0,0.0
178,우리은행,관악구,신림동,1.0,1.0,1.0,1.0,1.0
179,우리은행,관악구,대학동,2.0,2.0,2.0,2.0,2.0
180,우리은행,관악구,청룡동,2.0,2.0,2.0,2.0,2.0
181,우리은행,관악구,미성동,1.0,1.0,1.0,1.0,1.0
182,우리은행,서초구,서초1동,2.0,2.0,2.0,2.0,2.0
183,우리은행,서초구,서초2동,4.0,4.0,4.0,3.0,3.0
184,우리은행,서초구,서초3동,5.0,5.0,5.0,4.0,4.0
185,우리은행,서초구,서초4동,5.0,5.0,5.0,3.0,4.0
186,우리은행,서초구,잠원동,1.0,1.0,1.0,1.0,1.0
187,우리은행,서초구,반포본동,1.0,1.0,1.0,0.0,0.0
188,우리은행,서초구,반포1동,1.0,1.0,1.0,1.0,0.0
189,우리은행,서초구,반포3동,1.0,2.0,2.0,2.0,2.0
190,우리은행,서초구,반포4동,4.0,4.0,4.0,4.0,4.0
191,우리은행,서초구,방배본동,1.0,1.0,1.0,1.0,1.0
192,우리은행,서초구,방배2동,1.0,1.0,1.0,1.0,1.0
193,우리은행,서초구,방배3동,2.0,1.0,1.0,1.0,1.0
194,우리은행,서초구,방배4동,1.0,1.0,1.0,1.0,1.0
195,우리은행,서초구,양재1동,4.0,4.0,3.0,3.0,2.0
196,우리은행,서초구,양재2동,2.0,2.0,2.0,2.0,2.0
197,우리은행,강남구,신사동,2.0,2.0,2.0,2.0,2.0
198,우리은행,강남구,논현1동,2.0,2.0,2.0,2.0,2.0
199,우리은행,강남구,논현2동,4.0,4.0,3.0,2.0,1.0
200,우리은행,강남구,삼성1동,4.0,4.0,4.0,4.0,3.0
201,우리은행,강남구,삼성2동,4.0,4.0,4.0,4.0,3.0
202,우리은행,강남구,대치1동,1.0,2.0,2.0,2.0,2.0
203,우리은행,강남구,대치4동,3.0,3.0,3.0,2.0,2.0
204,우리은행,강남구,역삼1동,7.0,7.0,7.0,6.0,6.0
205,우리은행,강남구,역삼2동,3.0,3.0,3.0,3.0,3.0
206,우리은행,강남구,도곡1동,3.0,3.0,2.0,2.0,2.0
207,우리은행,강남구,도곡2동,5.0,5.0,5.0,3.0,2.0
208,우리은행,강남구,개포4동,1.0,1.0,1.0,1.0,1.0
209,우리은행,강남구,일원본동,1.0,1.0,1.0,0.0,0.0
210,우리은행,강남구,일원2동,1.0,1.0,1.0,1.0,0.0
211,우리은행,강남구,수서동,1.0,1.0,1.0,1.0,1.0
212,우리은행,강남구,압구정동,5.0,5.0,5.0,6.0,5.0
213,우리은행,강남구,청담동,4.0,5.0,5.0,5.0,4.0
214,우리은행,강남구,대치2동,3.0,3.0,3.0,3.0,3.0
215,우리은행,강남구,개포2동,1.0,1.0,1.0,1.0,1.0
216,우리은행,강남구,개포3동,0.0,0.0,0.0,0.0,1.0
217,우리은행,송파구,풍납2동,1.0,1.0,1.0,1.0,1.0
218,우리은행,송파구,거여2동,1.0,1.0,1.0,1.0,1.0
219,우리은행,송파구,방이1동,1.0,1.0,0.0,0.0,0.0
220,우리은행,송파구,방이2동,1.0,1.0,1.0,1.0,1.0
221,우리은행,송파구,오륜동,1.0,1.0,1.0,1.0,1.0
222,우리은행,송파구,송파1동,1.0,0.0,0.0,0.0,0.0
223,우리은행,송파구,석촌동,3.0,3.0,3.0,3.0,1.0
224,우리은행,송파구,가락본동,2.0,1.0,1.0,1.0,1.0
225,우리은행,송파구,가락1동,0.0,1.0,1.0,1.0,1.0
226,우리은행,송파구,가락2동,2.0,2.0,2.0,1.0,1.0
227,우리은행,송파구,문정2동,3.0,3.0,2.0,2.0,2.0
228,우리은행,송파구,잠실본동,2.0,2.0,2.0,2.0,2.0
229,우리은행,송파구,잠실4동,1.0,1.0,1.0,1.0,1.0
230,우리은행,송파구,잠실6동,5.0,6.0,6.0,6.0,6.0
231,우리은행,송파구,잠실7동,1.0,1.0,1.0,1.0,1.0
232,우리은행,송파구,잠실2동,1.0,1.0,1.0,1.0,0.0
233,우리은행,송파구,잠실3동,2.0,2.0,1.0,1.0,1.0
234,우리은행,송파구,위례동,1.0,0.0,0.0,0.0,0.0
235,우리은행,강동구,강일동,1.0,1.0,1.0,0.0,0.0
236,우리은행,강동구,상일동,0.0,0.0,1.0,0.0,0.0
237,우리은행,강동구,명일1동,1.0,1.0,1.0,1.0,1.0
238,우리은행,강동구,명일2동,1.0,1.0,1.0,1.0,1.0
239,우리은행,강동구,암사2동,1.0,1.0,1.0,1.0,1.0
240,우리은행,강동구,암사3동,1.0,1.0,1.0,0.0,0.0
241,우리은행,강동구,천호3동,0.0,0.0,0.0,0.0,1.0
242,우리은행,강동구,성내1동,1.0,1.0,1.0,1.0,1.0
243,우리은행,강동구,성내2동,1.0,1.0,1.0,1.0,0.0
244,우리은행,강동구,성내3동,1.0,1.0,1.0,1.0,1.0
245,우리은행,강동구,둔촌2동,2.0,2.0,2.0,1.0,1.0
246,우리은행,강동구,길동,3.0,3.0,3.0,3.0,2.0
247,우리은행,강동구,상일1동,0.0,0.0,0.0,1.0,1.0
248,우리은행,강동구,상일2동,0.0,0.0,0.0,1.0,1.0
249,SC제일은행,종로구,종로1.2.3.4가동,4.0,4.0,4.0,4.0,4.0
250,SC제일은행,종로구,창신1동,1.0,1.0,1.0,1.0,1.0
251,SC제일은행,중구,소공동,2.0,2.0,2.0,2.0,2.0
252,SC제일은행,중구,회현동,1.0,1.0,1.0,1.0,1.0
253,SC제일은행,중구,명동,2.0,1.0,1.0,1.0,1.0
254,SC제일은행,중구,을지로동,1.0,1.0,1.0,1.0,1.0
255,SC제일은행,용산구,후암동,1.0,1.0,1.0,1.0,1.0
256,SC제일은행,용산구,이촌1동,1.0,1.0,1.0,1.0,1.0
257,SC제일은행,용산구,한강로동,1.0,1.0,1.0,1.0,1.0
258,SC제일은행,성동구,마장동,2.0,2.0,2.0,2.0,2.0
259,SC제일은행,성동구,금호4가동,1.0,1.0,1.0,1.0,1.0
260,SC제일은행,성동구,성수2가3동,1.0,1.0,1.0,1.0,1.0
261,SC제일은행,광진구,군자동,1.0,1.0,1.0,1.0,0.0
262,SC제일은행,광진구,구의1동,1.0,1.0,1.0,1.0,0.0
263,SC제일은행,광진구,구의3동,1.0,1.0,1.0,1.0,1.0
264,SC제일은행,광진구,자양3동,1.0,1.0,1.0,1.0,1.0
265,SC제일은행,동대문구,청량리동,1.0,1.0,1.0,1.0,1.0
266,SC제일은행,동대문구,용신동,1.0,1.0,1.0,1.0,1.0
267,SC제일은행,동대문구,답십리1동,1.0,1.0,1.0,1.0,1.0
268,SC제일은행,동대문구,장안1동,1.0,1.0,1.0,1.0,1.0
269,SC제일은행,중랑구,상봉1동,0.0,1.0,1.0,1.0,1.0
270,SC제일은행,중랑구,상봉2동,1.0,0.0,0.0,0.0,0.0
271,SC제일은행,성북구,월곡1동,1.0,1.0,1.0,1.0,1.0
272,SC제일은행,성북구,삼선동,1.0,1.0,1.0,1.0,1.0
273,SC제일은행,성북구,석관동,1.0,1.0,1.0,1.0,1.0
274,SC제일은행,강북구,수유1동,0.0,0.0,0.0,0.0,1.0
275,SC제일은행,강북구,인수동,1.0,1.0,1.0,1.0,0.0
276,SC제일은행,도봉구,도봉1동,1.0,1.0,1.0,1.0,0.0
277,SC제일은행,노원구,상계9동,1.0,1.0,1.0,1.0,1.0
278,SC제일은행,은평구,녹번동,0.0,1.0,1.0,1.0,1.0
279,SC제일은행,은평구,대조동,1.0,1.0,1.0,1.0,1.0
280,SC제일은행,은평구,응암1동,1.0,0.0,0.0,0.0,0.0
281,SC제일은행,서대문구,남가좌2동,1.0,1.0,1.0,1.0,1.0
282,SC제일은행,서대문구,연희동,1.0,1.0,1.0,1.0,1.0
283,SC제일은행,마포구,서교동,2.0,2.0,2.0,2.0,1.0
284,SC제일은행,마포구,합정동,1.0,1.0,1.0,1.0,1.0
285,SC제일은행,마포구,도화동,1.0,1.0,1.0,1.0,1.0
286,SC제일은행,양천구,목3동,1.0,1.0,1.0,1.0,1.0
287,SC제일은행,양천구,목4동,1.0,1.0,1.0,1.0,1.0
288,SC제일은행,양천구,신월2동,1.0,0.0,0.0,0.0,0.0
289,SC제일은행,양천구,신정1동,1.0,1.0,1.0,1.0,1.0
290,SC제일은행,양천구,목5동,1.0,1.0,1.0,1.0,1.0
291,SC제일은행,양천구,신정4동,1.0,1.0,1.0,1.0,1.0
292,SC제일은행,강서구,화곡본동,1.0,0.0,0.0,0.0,0.0
293,SC제일은행,강서구,발산1동,0.0,1.0,1.0,1.0,2.0
294,SC제일은행,강서구,공항동,1.0,1.0,1.0,1.0,0.0
295,SC제일은행,구로구,구로3동,1.0,1.0,1.0,1.0,1.0
296,SC제일은행,구로구,개봉3동,1.0,1.0,1.0,1.0,1.0
297,SC제일은행,구로구,구로2동,1.0,1.0,1.0,0.0,0.0
298,SC제일은행,금천구,독산4동,1.0,1.0,1.0,1.0,1.0
299,SC제일은행,영등포구,여의동,3.0,3.0,3.0,3.0,2.0
300,SC제일은행,영등포구,대림3동,1.0,1.0,1.0,1.0,0.0
301,SC제일은행,영등포구,영등포동,1.0,1.0,1.0,1.0,1.0
302,SC제일은행,동작구,상도3동,1.0,1.0,1.0,1.0,1.0
303,SC제일은행,동작구,사당1동,1.0,1.0,1.0,1.0,1.0
304,SC제일은행,관악구,보라매동,1.0,1.0,0.0,0.0,0.0
305,SC제일은행,관악구,중앙동,1.0,1.0,1.0,1.0,1.0
306,SC제일은행,서초구,서초1동,1.0,1.0,1.0,1.0,1.0
307,SC제일은행,서초구,서초2동,2.0,2.0,1.0,1.0,1.0
308,SC제일은행,서초구,서초3동,2.0,2.0,1.0,1.0,1.0
309,SC제일은행,서초구,잠원동,1.0,1.0,1.0,1.0,1.0
310,SC제일은행,서초구,반포본동,1.0,0.0,0.0,0.0,0.0
311,SC제일은행,서초구,반포2동,0.0,1.0,1.0,1.0,1.0
312,SC제일은행,서초구,반포4동,1.0,1.0,1.0,1.0,1.0
313,SC제일은행,서초구,방배본동,1.0,1.0,1.0,1.0,1.0
314,SC제일은행,서초구,양재2동,1.0,1.0,1.0,1.0,1.0
315,SC제일은행,강남구,논현2동,1.0,1.0,1.0,1.0,0.0
316,SC제일은행,강남구,삼성1동,2.0,2.0,2.0,2.0,2.0
317,SC제일은행,강남구,대치1동,1.0,1.0,1.0,1.0,1.0
318,SC제일은행,강남구,역삼1동,4.0,2.0,2.0,2.0,2.0
319,SC제일은행,강남구,역삼2동,1.0,2.0,2.0,2.0,2.0
320,SC제일은행,강남구,도곡2동,2.0,2.0,2.0,2.0,2.0
321,SC제일은행,강남구,압구정동,3.0,3.0,3.0,3.0,3.0
322,SC제일은행,송파구,마천1동,1.0,1.0,1.0,1.0,1.0
323,SC제일은행,송파구,방이1동,1.0,1.0,1.0,1.0,1.0
324,SC제일은행,송파구,송파1동,1.0,1.0,1.0,1.0,1.0
325,SC제일은행,송파구,가락본동,1.0,1.0,1.0,1.0,1.0
326,SC제일은행,송파구,문정1동,1.0,1.0,1.0,1.0,1.0
327,SC제일은행,송파구,문정2동,1.0,1.0,1.0,1.0,1.0
328,SC제일은행,송파구,잠실본동,1.0,1.0,1.0,1.0,1.0
329,SC제일은행,송파구,잠실6동,1.0,1.0,1.0,1.0,1.0
330,SC제일은행,송파구,잠실7동,1.0,1.0,1.0,1.0,1.0
331,SC제일은행,강동구,명일1동,1.0,1.0,1.0,1.0,0.0
332,SC제일은행,강동구,명일2동,1.0,1.0,1.0,1.0,1.0
333,SC제일은행,강동구,성내2동,1.0,1.0,1.0,1.0,1.0
334,SC제일은행,강동구,둔촌2동,1.0,0.0,0.0,0.0,0.0
335,KB국민은행,종로구,사직동,2.0,2.0,2.0,2.0,2.0
336,KB국민은행,종로구,부암동,1.0,1.0,1.0,1.0,1.0
337,KB국민은행,종로구,평창동,1.0,0.0,0.0,0.0,0.0
338,KB국민은행,종로구,교남동,2.0,2.0,2.0,2.0,1.0
339,KB국민은행,종로구,종로1.2.3.4가동,10.0,10.0,10.0,9.0,8.0
340,KB국민은행,종로구,종로5.6가동,1.0,0.0,0.0,0.0,0.0
341,KB국민은행,종로구,이화동,1.0,1.0,1.0,1.0,1.0
342,KB국민은행,종로구,창신1동,1.0,1.0,1.0,1.0,1.0
343,KB국민은행,종로구,청운효자동,1.0,1.0,1.0,1.0,1.0
344,KB국민은행,종로구,혜화동,1.0,1.0,1.0,1.0,1.0
345,KB국민은행,중구,소공동,2.0,2.0,2.0,2.0,2.0
346,KB국민은행,중구,회현동,3.0,3.0,3.0,2.0,2.0
347,KB국민은행,중구,명동,8.0,8.0,8.0,7.0,7.0
348,KB국민은행,중구,필동,0.0,1.0,1.0,0.0,1.0
349,KB국민은행,중구,장충동,0.0,0.0,0.0,1.0,0.0
350,KB국민은행,중구,광희동,3.0,3.0,3.0,3.0,3.0
351,KB국민은행,중구,을지로동,1.0,1.0,1.0,1.0,1.0
352,KB국민은행,중구,황학동,1.0,1.0,1.0,1.0,1.0
353,KB국민은행,중구,중림동,1.0,1.0,1.0,0.0,0.0
354,KB국민은행,중구,신당동,2.0,2.0,1.0,1.0,1.0
355,KB국민은행,중구,다산동,2.0,2.0,2.0,2.0,2.0
356,KB국민은행,용산구,남영동,2.0,2.0,2.0,2.0,2.0
357,KB국민은행,용산구,효창동,1.0,1.0,1.0,1.0,0.0
358,KB국민은행,용산구,이촌1동,2.0,2.0,2.0,2.0,2.0
359,KB국민은행,용산구,이태원1동,1.0,0.0,1.0,1.0,1.0
360,KB국민은행,용산구,이태원2동,1.0,1.0,1.0,1.0,1.0
361,KB국민은행,용산구,원효로1동,1.0,1.0,1.0,1.0,1.0
362,KB국민은행,용산구,한강로동,3.0,3.0,2.0,2.0,2.0
363,KB국민은행,용산구,한남동,1.0,2.0,1.0,1.0,2.0
364,KB국민은행,성동구,마장동,1.0,1.0,1.0,1.0,1.0
365,KB국민은행,성동구,사근동,1.0,1.0,0.0,0.0,0.0
366,KB국민은행,성동구,행당1동,1.0,1.0,1.0,1.0,1.0
367,KB국민은행,성동구,금호4가동,1.0,1.0,1.0,1.0,1.0
368,KB국민은행,성동구,성수1가1동,0.0,0.0,0.0,0.0,1.0
369,KB국민은행,성동구,성수1가2동,1.0,1.0,1.0,1.0,1.0
370,KB국민은행,성동구,성수2가1동,1.0,1.0,1.0,1.0,1.0
371,KB국민은행,성동구,성수2가3동,2.0,2.0,2.0,2.0,2.0
372,KB국민은행,성동구,용답동,1.0,1.0,1.0,1.0,1.0
373,KB국민은행,성동구,왕십리도선동,1.0,1.0,1.0,1.0,1.0
374,KB국민은행,성동구,옥수동,2.0,2.0,1.0,1.0,1.0
375,KB국민은행,광진구,화양동,1.0,1.0,1.0,1.0,1.0
376,KB국민은행,광진구,군자동,2.0,2.0,2.0,2.0,2.0
377,KB국민은행,광진구,중곡1동,1.0,1.0,0.0,0.0,0.0
378,KB국민은행,광진구,중곡2동,1.0,1.0,1.0,1.0,1.0
379,KB국민은행,광진구,구의1동,1.0,0.0,0.0,0.0,0.0
380,KB국민은행,광진구,구의2동,1.0,1.0,1.0,1.0,1.0
381,KB국민은행,광진구,구의3동,2.0,2.0,1.0,1.0,1.0
382,KB국민은행,광진구,광장동,1.0,1.0,1.0,1.0,1.0
383,KB국민은행,광진구,자양1동,0.0,1.0,1.0,1.0,1.0
384,KB국민은행,광진구,자양2동,1.0,1.0,1.0,1.0,1.0
385,KB국민은행,광진구,자양3동,2.0,2.0,2.0,2.0,2.0
386,KB국민은행,광진구,자양4동,1.0,1.0,1.0,1.0,1.0
387,KB국민은행,동대문구,회기동,1.0,1.0,1.0,1.0,1.0
388,KB국민은행,동대문구,휘경1동,1.0,1.0,1.0,1.0,1.0
389,KB국민은행,동대문구,용신동,1.0,1.0,0.0,0.0,0.0
390,KB국민은행,동대문구,제기동,3.0,3.0,2.0,2.0,2.0
391,KB국민은행,동대문구,전농1동,1.0,1.0,1.0,1.0,1.0
392,KB국민은행,동대문구,답십리1동,1.0,1.0,1.0,1.0,1.0
393,KB국민은행,동대문구,장안1동,1.0,1.0,1.0,1.0,1.0
394,KB국민은행,동대문구,장안2동,1.0,1.0,1.0,1.0,1.0
395,KB국민은행,중랑구,면목7동,1.0,1.0,1.0,1.0,1.0
396,KB국민은행,중랑구,상봉2동,1.0,1.0,0.0,0.0,0.0
397,KB국민은행,중랑구,중화2동,1.0,1.0,1.0,1.0,1.0
398,KB국민은행,중랑구,묵2동,1.0,1.0,1.0,1.0,1.0
399,KB국민은행,중랑구,신내1동,1.0,1.0,1.0,1.0,1.0
400,KB국민은행,중랑구,신내2동,1.0,1.0,1.0,1.0,1.0
401,KB국민은행,중랑구,망우본동,1.0,1.0,1.0,1.0,1.0
402,KB국민은행,성북구,안암동,1.0,1.0,0.0,0.0,0.0
403,KB국민은행,성북구,보문동,1.0,1.0,1.0,1.0,1.0
404,KB국민은행,성북구,정릉2동,1.0,1.0,1.0,1.0,1.0
405,KB국민은행,성북구,정릉4동,1.0,1.0,1.0,1.0,1.0
406,KB국민은행,성북구,길음1동,1.0,1.0,1.0,1.0,1.0
407,KB국민은행,성북구,월곡2동,1.0,1.0,1.0,1.0,1.0
408,KB국민은행,성북구,장위1동,0.0,0.0,0.0,0.0,1.0
409,KB국민은행,성북구,장위2동,1.0,1.0,1.0,1.0,0.0
410,KB국민은행,성북구,삼선동,1.0,1.0,1.0,0.0,0.0
411,KB국민은행,성북구,동선동,1.0,1.0,1.0,1.0,1.0
412,KB국민은행,성북구,종암동,1.0,1.0,1.0,1.0,1.0
413,KB국민은행,성북구,석관동,1.0,1.0,1.0,1.0,1.0
414,KB국민은행,강북구,번1동,1.0,1.0,1.0,1.0,1.0
415,KB국민은행,강북구,수유1동,1.0,1.0,1.0,1.0,1.0
416,KB국민은행,강북구,수유3동,1.0,1.0,1.0,1.0,1.0
417,KB국민은행,강북구,송중동,1.0,1.0,1.0,1.0,1.0
418,KB국민은행,강북구,송천동,1.0,1.0,1.0,1.0,1.0
419,KB국민은행,강북구,삼각산동,1.0,1.0,1.0,1.0,0.0
420,KB국민은행,도봉구,쌍문2동,1.0,1.0,1.0,1.0,1.0
421,KB국민은행,도봉구,방학1동,1.0,1.0,1.0,1.0,1.0
422,KB국민은행,도봉구,방학3동,1.0,1.0,1.0,1.0,1.0
423,KB국민은행,도봉구,창1동,1.0,1.0,1.0,1.0,1.0
424,KB국민은행,도봉구,창4동,1.0,1.0,1.0,1.0,1.0
425,KB국민은행,도봉구,도봉1동,1.0,1.0,0.0,0.0,0.0
426,KB국민은행,노원구,월계1동,1.0,1.0,1.0,1.0,1.0
427,KB국민은행,노원구,월계3동,1.0,1.0,1.0,0.0,0.0
428,KB국민은행,노원구,공릉2동,1.0,1.0,1.0,1.0,0.0
429,KB국민은행,노원구,중계1동,1.0,1.0,1.0,1.0,1.0
430,KB국민은행,노원구,중계4동,1.0,1.0,1.0,1.0,1.0
431,KB국민은행,노원구,상계1동,1.0,1.0,1.0,1.0,1.0
432,KB국민은행,노원구,상계2동,1.0,1.0,0.0,0.0,0.0
433,KB국민은행,노원구,상계9동,1.0,1.0,1.0,1.0,1.0
434,KB국민은행,노원구,상계6.7동,2.0,2.0,2.0,2.0,2.0
435,KB국민은행,노원구,중계2.3동,1.0,1.0,1.0,1.0,1.0
436,KB국민은행,노원구,공릉1동,2.0,2.0,2.0,2.0,1.0
437,KB국민은행,은평구,불광1동,2.0,2.0,1.0,1.0,1.0
438,KB국민은행,은평구,갈현1동,1.0,1.0,1.0,1.0,1.0
439,KB국민은행,은평구,갈현2동,1.0,1.0,1.0,1.0,1.0
440,KB국민은행,은평구,응암1동,1.0,1.0,1.0,1.0,1.0
441,KB국민은행,은평구,수색동,1.0,1.0,1.0,1.0,1.0
442,KB국민은행,은평구,진관동,1.0,1.0,1.0,1.0,1.0
443,KB국민은행,은평구,응암3동,1.0,1.0,1.0,1.0,1.0
444,KB국민은행,은평구,역촌동,1.0,1.0,1.0,1.0,0.0
445,KB국민은행,서대문구,홍제3동,1.0,1.0,1.0,1.0,1.0
446,KB국민은행,서대문구,남가좌1동,1.0,1.0,1.0,1.0,1.0
447,KB국민은행,서대문구,남가좌2동,1.0,1.0,1.0,1.0,1.0
448,KB국민은행,서대문구,북가좌1동,1.0,1.0,1.0,1.0,1.0
449,KB국민은행,서대문구,충현동,2.0,2.0,2.0,2.0,2.0
450,KB국민은행,서대문구,신촌동,1.0,1.0,1.0,1.0,1.0
451,KB국민은행,서대문구,연희동,1.0,1.0,1.0,1.0,1.0
452,KB국민은행,마포구,용강동,1.0,1.0,1.0,1.0,1.0
453,KB국민은행,마포구,대흥동,1.0,1.0,1.0,0.0,0.0
454,KB국민은행,마포구,신수동,1.0,1.0,1.0,1.0,1.0
455,KB국민은행,마포구,서교동,3.0,3.0,4.0,3.0,3.0
456,KB국민은행,마포구,합정동,1.0,1.0,0.0,0.0,0.0
457,KB국민은행,마포구,망원2동,1.0,1.0,1.0,1.0,1.0
458,KB국민은행,마포구,성산1동,1.0,1.0,1.0,1.0,1.0
459,KB국민은행,마포구,성산2동,1.0,1.0,1.0,1.0,0.0
460,KB국민은행,마포구,상암동,2.0,2.0,2.0,2.0,1.0
461,KB국민은행,마포구,도화동,1.0,1.0,1.0,1.0,1.0
462,KB국민은행,마포구,서강동,1.0,1.0,0.0,0.0,0.0
463,KB국민은행,마포구,아현동,2.0,2.0,2.0,2.0,2.0
464,KB국민은행,양천구,목1동,2.0,2.0,2.0,2.0,2.0
465,KB국민은행,양천구,목2동,1.0,1.0,1.0,1.0,0.0
466,KB국민은행,양천구,목3동,1.0,1.0,1.0,1.0,1.0
467,KB국민은행,양천구,목4동,1.0,1.0,1.0,1.0,1.0
468,KB국민은행,양천구,신월1동,1.0,1.0,1.0,1.0,1.0
469,KB국민은행,양천구,신월6동,1.0,1.0,1.0,1.0,1.0
470,KB국민은행,양천구,신정3동,1.0,1.0,1.0,1.0,1.0
471,KB국민은행,양천구,신정6동,1.0,1.0,1.0,1.0,1.0
472,KB국민은행,양천구,신정7동,1.0,1.0,1.0,1.0,1.0
473,KB국민은행,양천구,목5동,2.0,2.0,2.0,2.0,2.0
474,KB국민은행,양천구,신정4동,1.0,1.0,1.0,1.0,1.0
475,KB국민은행,강서구,염창동,1.0,1.0,1.0,1.0,1.0
476,KB국민은행,강서구,등촌1동,0.0,0.0,0.0,1.0,1.0
477,KB국민은행,강서구,화곡본동,1.0,1.0,0.0,0.0,0.0
478,KB국민은행,강서구,화곡3동,1.0,1.0,1.0,1.0,1.0
479,KB국민은행,강서구,화곡6동,1.0,1.0,1.0,1.0,1.0
480,KB국민은행,강서구,화곡8동,2.0,2.0,2.0,2.0,2.0
481,KB국민은행,강서구,가양1동,2.0,3.0,3.0,3.0,3.0
482,KB국민은행,강서구,가양2동,1.0,1.0,1.0,0.0,0.0
483,KB국민은행,강서구,발산1동,1.0,1.0,1.0,1.0,1.0
484,KB국민은행,강서구,공항동,1.0,0.0,0.0,0.0,0.0
485,KB국민은행,강서구,방화1동,1.0,1.0,1.0,1.0,1.0
486,KB국민은행,강서구,우장산동,1.0,1.0,1.0,1.0,1.0
487,KB국민은행,구로구,신도림동,1.0,1.0,1.0,1.0,1.0
488,KB국민은행,구로구,구로3동,4.0,4.0,4.0,3.0,3.0
489,KB국민은행,구로구,구로5동,2.0,2.0,2.0,2.0,2.0
490,KB국민은행,구로구,고척1동,2.0,2.0,2.0,2.0,2.0
491,KB국민은행,구로구,개봉3동,1.0,1.0,1.0,1.0,1.0
492,KB국민은행,구로구,오류1동,1.0,1.0,1.0,1.0,1.0
493,KB국민은행,구로구,구로2동,1.0,1.0,1.0,1.0,1.0
494,KB국민은행,구로구,개봉1동,1.0,1.0,1.0,0.0,0.0
495,KB국민은행,금천구,가산동,6.0,5.0,5.0,5.0,5.0
496,KB국민은행,금천구,독산1동,1.0,1.0,1.0,1.0,1.0
497,KB국민은행,금천구,독산3동,1.0,1.0,1.0,1.0,1.0
498,KB국민은행,금천구,시흥1동,2.0,1.0,1.0,1.0,1.0
499,KB국민은행,영등포구,여의동,11.0,10.0,9.0,7.0,7.0
500,KB국민은행,영등포구,당산1동,2.0,2.0,2.0,2.0,1.0
501,KB국민은행,영등포구,당산2동,1.0,1.0,1.0,1.0,1.0
502,KB국민은행,영등포구,양평1동,1.0,1.0,1.0,1.0,1.0
503,KB국민은행,영등포구,양평2동,1.0,1.0,1.0,1.0,1.0
504,KB국민은행,영등포구,신길3동,2.0,2.0,2.0,2.0,2.0
505,KB국민은행,영등포구,신길6동,1.0,1.0,1.0,0.0,0.0
506,KB국민은행,영등포구,신길7동,0.0,1.0,1.0,1.0,1.0
507,KB국민은행,영등포구,대림1동,2.0,2.0,2.0,2.0,1.0
508,KB국민은행,영등포구,대림3동,1.0,1.0,1.0,1.0,1.0
509,KB국민은행,영등포구,영등포동,2.0,2.0,2.0,2.0,2.0
510,KB국민은행,영등포구,문래동,2.0,2.0,2.0,2.0,1.0
511,KB국민은행,동작구,노량진2동,1.0,1.0,1.0,1.0,1.0
512,KB국민은행,동작구,상도1동,1.0,1.0,1.0,1.0,0.0
513,KB국민은행,동작구,상도2동,1.0,1.0,1.0,1.0,1.0
514,KB국민은행,동작구,사당1동,1.0,1.0,1.0,1.0,1.0
515,KB국민은행,동작구,사당4동,1.0,1.0,1.0,1.0,1.0
516,KB국민은행,동작구,대방동,2.0,1.0,1.0,1.0,1.0
517,KB국민은행,동작구,흑석동,1.0,1.0,1.0,1.0,1.0
518,KB국민은행,관악구,보라매동,1.0,1.0,1.0,1.0,1.0
519,KB국민은행,관악구,행운동,1.0,1.0,1.0,1.0,1.0
520,KB국민은행,관악구,낙성대동,1.0,1.0,1.0,1.0,1.0
521,KB국민은행,관악구,중앙동,1.0,1.0,1.0,1.0,0.0
522,KB국민은행,관악구,인헌동,1.0,1.0,1.0,1.0,1.0
523,KB국민은행,관악구,서원동,1.0,1.0,1.0,1.0,1.0
524,KB국민은행,관악구,조원동,1.0,1.0,1.0,1.0,1.0
525,KB국민은행,관악구,대학동,1.0,1.0,1.0,1.0,1.0
526,KB국민은행,관악구,청룡동,1.0,1.0,1.0,1.0,1.0
527,KB국민은행,관악구,미성동,1.0,1.0,1.0,1.0,1.0
528,KB국민은행,서초구,서초1동,1.0,1.0,1.0,1.0,1.0
529,KB국민은행,서초구,서초2동,4.0,4.0,4.0,4.0,4.0
530,KB국민은행,서초구,서초3동,4.0,4.0,4.0,4.0,4.0
531,KB국민은행,서초구,서초4동,4.0,4.0,4.0,4.0,4.0
532,KB국민은행,서초구,잠원동,3.0,3.0,2.0,2.0,2.0
533,KB국민은행,서초구,반포본동,1.0,1.0,1.0,0.0,0.0
534,KB국민은행,서초구,반포1동,2.0,1.0,0.0,0.0,0.0
535,KB국민은행,서초구,반포3동,1.0,1.0,1.0,1.0,1.0
536,KB국민은행,서초구,반포4동,2.0,2.0,2.0,2.0,2.0
537,KB국민은행,서초구,방배본동,0.0,1.0,1.0,1.0,1.0
538,KB국민은행,서초구,방배1동,1.0,1.0,1.0,1.0,1.0
539,KB국민은행,서초구,방배3동,1.0,1.0,1.0,1.0,1.0
540,KB국민은행,서초구,방배4동,4.0,3.0,2.0,2.0,2.0
541,KB국민은행,서초구,양재1동,2.0,2.0,2.0,2.0,2.0
542,KB국민은행,서초구,양재2동,1.0,1.0,1.0,1.0,1.0
543,KB국민은행,강남구,신사동,3.0,3.0,3.0,3.0,3.0
544,KB국민은행,강남구,논현1동,2.0,2.0,3.0,3.0,3.0
545,KB국민은행,강남구,논현2동,5.0,5.0,5.0,4.0,4.0
546,KB국민은행,강남구,삼성1동,3.0,3.0,3.0,3.0,3.0
547,KB국민은행,강남구,삼성2동,1.0,1.0,1.0,1.0,1.0
548,KB국민은행,강남구,대치1동,1.0,1.0,1.0,1.0,1.0
549,KB국민은행,강남구,대치4동,1.0,1.0,1.0,1.0,1.0
550,KB국민은행,강남구,역삼1동,12.0,12.0,12.0,12.0,11.0
551,KB국민은행,강남구,역삼2동,1.0,1.0,1.0,2.0,2.0
552,KB국민은행,강남구,도곡1동,1.0,1.0,1.0,1.0,1.0
553,KB국민은행,강남구,도곡2동,4.0,4.0,4.0,4.0,4.0
554,KB국민은행,강남구,개포4동,1.0,1.0,1.0,1.0,1.0
555,KB국민은행,강남구,일원본동,1.0,1.0,1.0,1.0,1.0
556,KB국민은행,강남구,일원2동,1.0,1.0,1.0,1.0,0.0
557,KB국민은행,강남구,수서동,1.0,1.0,1.0,1.0,1.0
558,KB국민은행,강남구,압구정동,4.0,4.0,4.0,5.0,5.0
559,KB국민은행,강남구,청담동,4.0,4.0,4.0,4.0,4.0
560,KB국민은행,강남구,대치2동,4.0,5.0,5.0,5.0,5.0
561,KB국민은행,강남구,개포2동,1.0,1.0,1.0,1.0,1.0
562,KB국민은행,강남구,개포3동,0.0,0.0,0.0,0.0,1.0
563,KB국민은행,송파구,마천2동,1.0,1.0,1.0,1.0,1.0
564,KB국민은행,송파구,방이2동,1.0,1.0,1.0,1.0,1.0
565,KB국민은행,송파구,오륜동,1.0,1.0,1.0,1.0,1.0
566,KB국민은행,송파구,오금동,1.0,1.0,1.0,1.0,1.0
567,KB국민은행,송파구,송파1동,2.0,2.0,1.0,1.0,1.0
568,KB국민은행,송파구,삼전동,3.0,3.0,3.0,2.0,2.0
569,KB국민은행,송파구,가락본동,1.0,1.0,1.0,1.0,1.0
570,KB국민은행,송파구,가락1동,0.0,1.0,1.0,1.0,1.0
571,KB국민은행,송파구,가락2동,1.0,1.0,1.0,1.0,1.0
572,KB국민은행,송파구,문정2동,3.0,3.0,3.0,3.0,2.0
573,KB국민은행,송파구,잠실본동,2.0,2.0,2.0,2.0,2.0
574,KB국민은행,송파구,잠실4동,2.0,1.0,1.0,1.0,1.0
575,KB국민은행,송파구,잠실6동,1.0,1.0,1.0,1.0,1.0
576,KB국민은행,송파구,잠실7동,1.0,1.0,1.0,1.0,0.0
577,KB국민은행,송파구,잠실2동,1.0,1.0,0.0,0.0,0.0
578,KB국민은행,송파구,잠실3동,3.0,3.0,3.0,3.0,2.0
579,KB국민은행,송파구,장지동,1.0,1.0,1.0,1.0,1.0
580,KB국민은행,강동구,강일동,1.0,1.0,1.0,0.0,0.0
581,KB국민은행,강동구,명일1동,1.0,1.0,1.0,1.0,1.0
582,KB국민은행,강동구,명일2동,1.0,1.0,1.0,1.0,1.0
583,KB국민은행,강동구,암사2동,1.0,1.0,1.0,1.0,1.0
584,KB국민은행,강동구,천호1동,1.0,1.0,1.0,1.0,1.0
585,KB국민은행,강동구,성내1동,1.0,1.0,1.0,1.0,1.0
586,KB국민은행,강동구,성내2동,1.0,1.0,1.0,1.0,1.0
587,KB국민은행,강동구,성내3동,1.0,1.0,1.0,1.0,1.0
588,KB국민은행,강동구,둔촌2동,2.0,2.0,2.0,2.0,1.0
589,KB국민은행,강동구,천호2동,1.0,1.0,1.0,0.0,0.0
590,KB국민은행,강동구,길동,1.0,1.0,1.0,1.0,1.0
591,KB국민은행,강동구,상일2동,0.0,0.0,0.0,1.0,1.0
592,신한은행,종로구,사직동,3.0,3.0,3.0,3.0,3.0
593,신한은행,종로구,삼청동,1.0,0.0,0.0,0.0,0.0
594,신한은행,종로구,평창동,1.0,1.0,0.0,0.0,0.0
595,신한은행,종로구,가회동,2.0,2.0,2.0,2.0,2.0
596,신한은행,종로구,종로1.2.3.4가동,5.0,5.0,4.0,4.0,4.0
597,신한은행,종로구,종로5.6가동,2.0,2.0,2.0,2.0,2.0
598,신한은행,종로구,이화동,2.0,2.0,2.0,1.0,1.0
599,신한은행,종로구,창신1동,1.0,1.0,1.0,1.0,1.0
600,신한은행,종로구,숭인2동,1.0,1.0,1.0,0.0,0.0
601,신한은행,종로구,청운효자동,1.0,1.0,1.0,1.0,1.0
602,신한은행,종로구,혜화동,1.0,1.0,1.0,1.0,1.0
603,신한은행,중구,소공동,9.0,11.0,12.0,12.0,13.0
604,신한은행,중구,회현동,1.0,1.0,1.0,1.0,1.0
605,신한은행,중구,명동,14.0,13.0,13.0,11.0,10.0
606,신한은행,중구,필동,3.0,5.0,5.0,4.0,4.0
607,신한은행,중구,장충동,2.0,1.0,1.0,2.0,1.0
608,신한은행,중구,광희동,1.0,1.0,1.0,1.0,1.0
609,신한은행,중구,을지로동,2.0,2.0,2.0,2.0,2.0
610,신한은행,중구,신당5동,0.0,0.0,0.0,0.0,1.0
611,신한은행,중구,황학동,1.0,1.0,1.0,1.0,0.0
612,신한은행,중구,신당동,1.0,1.0,1.0,1.0,1.0
613,신한은행,중구,동화동,1.0,1.0,1.0,1.0,1.0
614,신한은행,용산구,이촌1동,2.0,2.0,2.0,2.0,1.0
615,신한은행,용산구,이태원1동,2.0,2.0,2.0,2.0,3.0
616,신한은행,용산구,이태원2동,1.0,1.0,1.0,1.0,1.0
617,신한은행,용산구,청파동,1.0,1.0,1.0,1.0,1.0
618,신한은행,용산구,원효로1동,1.0,1.0,1.0,0.0,0.0
619,신한은행,용산구,한강로동,3.0,3.0,3.0,3.0,3.0
620,신한은행,용산구,한남동,1.0,2.0,2.0,2.0,2.0
621,신한은행,성동구,사근동,2.0,2.0,2.0,2.0,2.0
622,신한은행,성동구,행당1동,1.0,1.0,1.0,1.0,1.0
623,신한은행,성동구,행당2동,1.0,1.0,1.0,1.0,1.0
624,신한은행,성동구,금호1가동,1.0,1.0,0.0,0.0,0.0
625,신한은행,성동구,성수1가2동,1.0,1.0,1.0,1.0,1.0
626,신한은행,성동구,성수2가3동,3.0,3.0,3.0,3.0,2.0
627,신한은행,성동구,왕십리도선동,1.0,1.0,1.0,1.0,0.0
628,신한은행,성동구,금호2.3가동,1.0,1.0,1.0,1.0,0.0
629,신한은행,광진구,화양동,2.0,2.0,2.0,2.0,2.0
630,신한은행,광진구,중곡2동,1.0,1.0,1.0,1.0,1.0
631,신한은행,광진구,구의3동,1.0,1.0,1.0,1.0,1.0
632,신한은행,광진구,광장동,2.0,2.0,2.0,1.0,1.0
633,신한은행,광진구,자양1동,1.0,1.0,1.0,1.0,1.0
634,신한은행,광진구,자양3동,1.0,1.0,1.0,1.0,1.0
635,신한은행,동대문구,제기동,1.0,1.0,1.0,1.0,1.0
636,신한은행,동대문구,전농2동,1.0,0.0,0.0,0.0,0.0
637,신한은행,동대문구,답십리1동,1.0,1.0,0.0,0.0,0.0
638,신한은행,동대문구,답십리2동,0.0,0.0,1.0,1.0,1.0
639,신한은행,동대문구,장안1동,2.0,2.0,2.0,2.0,2.0
640,신한은행,중랑구,상봉2동,1.0,1.0,1.0,1.0,1.0
641,신한은행,중랑구,중화1동,1.0,1.0,1.0,1.0,1.0
642,신한은행,중랑구,신내2동,1.0,1.0,1.0,1.0,1.0
643,신한은행,중랑구,면목3.8동,1.0,1.0,1.0,1.0,1.0
644,신한은행,중랑구,망우본동,1.0,1.0,1.0,0.0,0.0
645,신한은행,성북구,돈암2동,2.0,1.0,1.0,0.0,0.0
646,신한은행,성북구,보문동,1.0,1.0,1.0,1.0,1.0
647,신한은행,성북구,정릉2동,0.0,1.0,1.0,0.0,0.0
648,신한은행,성북구,정릉4동,2.0,1.0,1.0,1.0,1.0
649,신한은행,성북구,길음1동,1.0,1.0,1.0,1.0,1.0
650,신한은행,성북구,월곡2동,1.0,1.0,1.0,1.0,0.0
651,신한은행,성북구,성북동,1.0,1.0,1.0,1.0,0.0
652,신한은행,성북구,삼선동,1.0,1.0,1.0,0.0,0.0
653,신한은행,성북구,동선동,0.0,1.0,1.0,1.0,1.0
654,신한은행,성북구,석관동,0.0,0.0,0.0,0.0,1.0
655,신한은행,강북구,번1동,1.0,1.0,1.0,1.0,1.0
656,신한은행,강북구,수유3동,1.0,1.0,1.0,1.0,1.0
657,신한은행,강북구,미아동,0.0,1.0,1.0,1.0,1.0
658,신한은행,강북구,송천동,1.0,1.0,1.0,1.0,1.0
659,신한은행,도봉구,방학1동,1.0,1.0,1.0,1.0,1.0
660,신한은행,도봉구,창1동,1.0,1.0,1.0,1.0,1.0
661,신한은행,도봉구,창4동,1.0,1.0,1.0,0.0,0.0
662,신한은행,도봉구,도봉2동,2.0,2.0,2.0,1.0,1.0
663,신한은행,노원구,월계3동,1.0,1.0,1.0,1.0,1.0
664,신한은행,노원구,하계1동,1.0,1.0,1.0,1.0,1.0
665,신한은행,노원구,하계2동,1.0,1.0,1.0,1.0,1.0
666,신한은행,노원구,중계본동,1.0,1.0,1.0,1.0,1.0
667,신한은행,노원구,상계1동,1.0,1.0,1.0,1.0,1.0
668,신한은행,노원구,상계9동,1.0,1.0,1.0,1.0,1.0
669,신한은행,노원구,상계6.7동,1.0,1.0,1.0,1.0,1.0
670,신한은행,노원구,공릉1동,1.0,1.0,1.0,1.0,1.0
671,신한은행,은평구,녹번동,0.0,0.0,0.0,0.0,1.0
672,신한은행,은평구,불광1동,1.0,1.0,1.0,1.0,1.0
673,신한은행,은평구,갈현1동,1.0,1.0,1.0,0.0,0.0
674,신한은행,은평구,대조동,1.0,1.0,1.0,1.0,1.0
675,신한은행,은평구,응암1동,1.0,1.0,1.0,1.0,1.0
676,신한은행,은평구,진관동,1.0,1.0,1.0,1.0,1.0
677,신한은행,은평구,역촌동,1.0,1.0,1.0,1.0,1.0
678,신한은행,서대문구,홍제1동,1.0,1.0,1.0,1.0,1.0
679,신한은행,서대문구,북가좌1동,1.0,1.0,1.0,1.0,1.0
680,신한은행,서대문구,충현동,2.0,3.0,3.0,2.0,2.0
681,신한은행,서대문구,신촌동,3.0,3.0,3.0,3.0,2.0
682,신한은행,서대문구,연희동,1.0,1.0,1.0,1.0,0.0
683,신한은행,마포구,대흥동,1.0,1.0,1.0,1.0,1.0
684,신한은행,마포구,서교동,4.0,4.0,4.0,4.0,3.0
685,신한은행,마포구,합정동,1.0,1.0,1.0,1.0,2.0
686,신한은행,마포구,성산2동,1.0,1.0,1.0,0.0,0.0
687,신한은행,마포구,상암동,2.0,2.0,2.0,2.0,2.0
688,신한은행,마포구,도화동,1.0,1.0,1.0,1.0,1.0
689,신한은행,마포구,서강동,1.0,1.0,1.0,1.0,1.0
690,신한은행,마포구,공덕동,4.0,4.0,4.0,3.0,3.0
691,신한은행,마포구,아현동,1.0,2.0,2.0,1.0,1.0
692,신한은행,양천구,목1동,4.0,4.0,4.0,4.0,3.0
693,신한은행,양천구,목3동,1.0,1.0,1.0,1.0,1.0
694,신한은행,양천구,신월4동,1.0,1.0,1.0,1.0,1.0
695,신한은행,양천구,신정1동,1.0,1.0,1.0,1.0,1.0
696,신한은행,양천구,신정6동,1.0,1.0,1.0,1.0,1.0
697,신한은행,양천구,목5동,2.0,2.0,2.0,2.0,2.0
698,신한은행,강서구,등촌1동,2.0,2.0,2.0,2.0,2.0
699,신한은행,강서구,화곡3동,1.0,1.0,1.0,1.0,1.0
700,신한은행,강서구,화곡6동,1.0,1.0,1.0,0.0,0.0
701,신한은행,강서구,가양1동,3.0,3.0,3.0,3.0,2.0
702,신한은행,강서구,발산1동,1.0,2.0,1.0,1.0,2.0
703,신한은행,강서구,공항동,3.0,4.0,5.0,5.0,4.0
704,신한은행,강서구,방화1동,1.0,1.0,0.0,0.0,0.0
705,신한은행,강서구,방화3동,1.0,1.0,1.0,1.0,1.0
706,신한은행,강서구,우장산동,1.0,1.0,1.0,0.0,0.0
707,신한은행,구로구,신도림동,1.0,1.0,1.0,0.0,0.0
708,신한은행,구로구,구로3동,2.0,1.0,1.0,1.0,1.0
709,신한은행,구로구,구로4동,1.0,0.0,0.0,0.0,0.0
710,신한은행,구로구,구로5동,0.0,1.0,1.0,1.0,1.0
711,신한은행,구로구,고척2동,1.0,1.0,1.0,0.0,0.0
712,신한은행,구로구,오류1동,1.0,1.0,1.0,1.0,1.0
713,신한은행,구로구,구로2동,3.0,3.0,3.0,3.0,3.0
714,신한은행,구로구,개봉1동,1.0,1.0,1.0,1.0,1.0
715,신한은행,금천구,가산동,2.0,3.0,3.0,3.0,3.0
716,신한은행,금천구,독산3동,1.0,1.0,1.0,1.0,1.0
717,신한은행,금천구,시흥1동,1.0,1.0,1.0,1.0,1.0
718,신한은행,금천구,시흥3동,1.0,1.0,1.0,0.0,0.0
719,신한은행,영등포구,여의동,12.0,12.0,12.0,14.0,14.0
720,신한은행,영등포구,당산1동,1.0,1.0,1.0,1.0,1.0
721,신한은행,영등포구,당산2동,1.0,1.0,1.0,1.0,1.0
722,신한은행,영등포구,양평2동,1.0,1.0,1.0,1.0,1.0
723,신한은행,영등포구,대림1동,2.0,1.0,1.0,0.0,0.0
724,신한은행,영등포구,대림2동,1.0,1.0,1.0,1.0,1.0
725,신한은행,영등포구,영등포동,3.0,3.0,3.0,2.0,2.0
726,신한은행,영등포구,문래동,1.0,1.0,1.0,1.0,1.0
727,신한은행,동작구,상도1동,0.0,1.0,0.0,0.0,0.0
728,신한은행,동작구,상도2동,1.0,1.0,1.0,1.0,1.0
729,신한은행,동작구,사당1동,1.0,1.0,1.0,1.0,1.0
730,신한은행,동작구,사당3동,1.0,1.0,1.0,1.0,0.0
731,신한은행,동작구,대방동,3.0,3.0,3.0,3.0,1.0
732,신한은행,동작구,신대방2동,2.0,2.0,2.0,2.0,2.0
733,신한은행,동작구,흑석동,1.0,1.0,1.0,0.0,0.0
734,신한은행,동작구,노량진1동,1.0,0.0,1.0,1.0,1.0
735,신한은행,동작구,사당2동,1.0,1.0,1.0,1.0,0.0
736,신한은행,관악구,행운동,1.0,1.0,1.0,0.0,0.0
737,신한은행,관악구,낙성대동,1.0,1.0,1.0,1.0,1.0
738,신한은행,관악구,인헌동,1.0,1.0,1.0,0.0,0.0
739,신한은행,관악구,신원동,1.0,1.0,1.0,1.0,1.0
740,신한은행,관악구,신사동,1.0,1.0,1.0,1.0,0.0
741,신한은행,관악구,대학동,2.0,2.0,2.0,1.0,1.0
742,신한은행,관악구,청룡동,1.0,1.0,1.0,1.0,1.0
743,신한은행,관악구,난곡동,1.0,1.0,1.0,1.0,1.0
744,신한은행,서초구,서초1동,1.0,1.0,1.0,1.0,1.0
745,신한은행,서초구,서초2동,5.0,5.0,4.0,4.0,4.0
746,신한은행,서초구,서초3동,9.0,10.0,10.0,10.0,10.0
747,신한은행,서초구,서초4동,2.0,1.0,1.0,1.0,1.0
748,신한은행,서초구,잠원동,1.0,1.0,1.0,1.0,1.0
749,신한은행,서초구,반포본동,1.0,1.0,1.0,0.0,0.0
750,신한은행,서초구,반포1동,2.0,2.0,2.0,1.0,1.0
751,신한은행,서초구,반포2동,1.0,1.0,1.0,1.0,1.0
752,신한은행,서초구,반포3동,0.0,1.0,1.0,1.0,1.0
753,신한은행,서초구,반포4동,3.0,2.0,2.0,2.0,2.0
754,신한은행,서초구,방배본동,0.0,0.0,1.0,1.0,0.0
755,신한은행,서초구,방배1동,2.0,2.0,2.0,2.0,2.0
756,신한은행,서초구,방배2동,0.0,0.0,0.0,0.0,1.0
757,신한은행,서초구,방배4동,2.0,2.0,1.0,1.0,0.0
758,신한은행,서초구,양재1동,2.0,2.0,2.0,2.0,2.0
759,신한은행,서초구,양재2동,6.0,6.0,6.0,5.0,5.0
760,신한은행,강남구,신사동,4.0,4.0,4.0,3.0,3.0
761,신한은행,강남구,논현1동,2.0,2.0,2.0,2.0,2.0
762,신한은행,강남구,논현2동,3.0,3.0,3.0,3.0,3.0
763,신한은행,강남구,삼성1동,5.0,5.0,5.0,5.0,5.0
764,신한은행,강남구,삼성2동,4.0,4.0,3.0,3.0,3.0
765,신한은행,강남구,대치1동,1.0,1.0,1.0,1.0,1.0
766,신한은행,강남구,대치4동,4.0,4.0,4.0,4.0,4.0
767,신한은행,강남구,역삼1동,11.0,11.0,11.0,11.0,11.0
768,신한은행,강남구,역삼2동,2.0,2.0,2.0,2.0,1.0
769,신한은행,강남구,도곡1동,2.0,2.0,2.0,2.0,1.0
770,신한은행,강남구,도곡2동,3.0,3.0,3.0,3.0,3.0
771,신한은행,강남구,개포1동,1.0,1.0,1.0,1.0,1.0
772,신한은행,강남구,일원본동,2.0,2.0,2.0,2.0,2.0
773,신한은행,강남구,압구정동,5.0,5.0,5.0,5.0,5.0
774,신한은행,강남구,청담동,2.0,2.0,2.0,1.0,2.0
775,신한은행,강남구,대치2동,6.0,6.0,6.0,5.0,5.0
776,신한은행,강남구,개포2동,1.0,1.0,1.0,0.0,0.0
777,신한은행,송파구,풍납2동,1.0,1.0,1.0,1.0,1.0
778,신한은행,송파구,마천2동,1.0,1.0,1.0,1.0,0.0
779,신한은행,송파구,방이2동,1.0,1.0,1.0,0.0,0.0
780,신한은행,송파구,오륜동,1.0,1.0,1.0,1.0,1.0
781,신한은행,송파구,오금동,1.0,1.0,1.0,1.0,1.0
782,신한은행,송파구,송파2동,1.0,0.0,0.0,0.0,0.0
783,신한은행,송파구,석촌동,2.0,1.0,1.0,1.0,0.0
784,신한은행,송파구,가락본동,2.0,2.0,2.0,2.0,2.0
785,신한은행,송파구,가락1동,0.0,1.0,1.0,1.0,1.0
786,신한은행,송파구,가락2동,1.0,1.0,1.0,1.0,1.0
787,신한은행,송파구,문정2동,3.0,3.0,3.0,3.0,3.0
788,신한은행,송파구,잠실본동,1.0,1.0,1.0,1.0,1.0
789,신한은행,송파구,잠실4동,1.0,1.0,1.0,1.0,1.0
790,신한은행,송파구,잠실6동,4.0,4.0,4.0,3.0,3.0
791,신한은행,송파구,잠실3동,4.0,4.0,4.0,4.0,2.0
792,신한은행,강동구,강일동,1.0,0.0,0.0,0.0,0.0
793,신한은행,강동구,명일1동,2.0,2.0,2.0,2.0,2.0
794,신한은행,강동구,명일2동,1.0,1.0,1.0,0.0,0.0
795,신한은행,강동구,고덕2동,0.0,1.0,1.0,1.0,1.0
796,신한은행,강동구,암사2동,1.0,1.0,1.0,1.0,0.0
797,신한은행,강동구,천호3동,1.0,1.0,1.0,0.0,0.0
798,신한은행,강동구,성내3동,1.0,1.0,1.0,1.0,1.0
799,신한은행,강동구,천호2동,1.0,1.0,1.0,1.0,1.0
800,신한은행,강동구,길동,1.0,1.0,1.0,1.0,1.0
801,한국씨티은행,종로구,사직동,1.0,1.0,5.0,5.0,5.0
802,한국씨티은행,중구,명동,5.0,4.0,0.0,0.0,0.0
803,한국씨티은행,용산구,이촌1동,1.0,1.0,1.0,0.0,0.0
804,한국씨티은행,용산구,한강로동,0.0,0.0,0.0,1.0,1.0
805,한국씨티은행,노원구,상계6.7동,1.0,1.0,1.0,1.0,1.0
806,한국씨티은행,마포구,서교동,1.0,1.0,1.0,0.0,0.0
807,한국씨티은행,양천구,목1동,1.0,1.0,1.0,1.0,0.0
808,한국씨티은행,영등포구,여의동,1.0,1.0,1.0,1.0,1.0
809,한국씨티은행,영등포구,영등포동,1.0,1.0,1.0,1.0,0.0
810,한국씨티은행,서초구,반포4동,1.0,1.0,1.0,1.0,1.0
811,한국씨티은행,서초구,방배4동,1.0,1.0,1.0,1.0,0.0
812,한국씨티은행,강남구,신사동,1.0,1.0,1.0,1.0,0.0
813,한국씨티은행,강남구,대치1동,1.0,1.0,1.0,0.0,0.0
814,한국씨티은행,강남구,도곡2동,1.0,1.0,1.0,1.0,1.0
815,한국씨티은행,강남구,청담동,1.0,1.0,1.0,1.0,1.0
816,한국씨티은행,강남구,대치2동,4.0,4.0,4.0,4.0,4.0
817,한국씨티은행,송파구,잠실6동,1.0,1.0,1.0,1.0,1.0
818,하나은행,종로구,사직동,4.0,4.0,4.0,4.0,4.0
819,하나은행,종로구,삼청동,0.0,1.0,1.0,1.0,1.0
820,하나은행,종로구,평창동,1.0,1.0,1.0,1.0,1.0
821,하나은행,종로구,가회동,2.0,1.0,1.0,1.0,1.0
822,하나은행,종로구,종로1.2.3.4가동,6.0,6.0,3.0,3.0,3.0
823,하나은행,종로구,종로5.6가동,3.0,3.0,3.0,2.0,2.0
824,하나은행,종로구,숭인1동,1.0,1.0,1.0,1.0,0.0
825,하나은행,종로구,숭인2동,1.0,0.0,0.0,0.0,0.0
826,하나은행,종로구,혜화동,1.0,1.0,1.0,1.0,1.0
827,하나은행,중구,소공동,3.0,3.0,2.0,2.0,2.0
828,하나은행,중구,회현동,3.0,3.0,2.0,1.0,1.0
829,하나은행,중구,명동,6.0,6.0,5.0,5.0,5.0
830,하나은행,중구,필동,1.0,1.0,1.0,1.0,1.0
831,하나은행,중구,장충동,1.0,0.0,0.0,0.0,0.0
832,하나은행,중구,광희동,3.0,3.0,3.0,2.0,2.0
833,하나은행,중구,을지로동,1.0,1.0,1.0,1.0,1.0
834,하나은행,중구,신당5동,1.0,1.0,1.0,1.0,1.0
835,하나은행,중구,다산동,1.0,1.0,1.0,1.0,1.0
836,하나은행,중구,청구동,1.0,0.0,0.0,0.0,0.0
837,하나은행,용산구,남영동,2.0,2.0,1.0,1.0,1.0
838,하나은행,용산구,이촌1동,2.0,2.0,2.0,1.0,1.0
839,하나은행,용산구,이태원1동,1.0,1.0,1.0,1.0,1.0
840,하나은행,용산구,서빙고동,1.0,1.0,1.0,1.0,1.0
841,하나은행,용산구,청파동,1.0,1.0,0.0,0.0,0.0
842,하나은행,용산구,한강로동,3.0,3.0,3.0,3.0,2.0
843,하나은행,용산구,한남동,2.0,2.0,2.0,2.0,2.0
844,하나은행,성동구,사근동,1.0,1.0,1.0,1.0,0.0
845,하나은행,성동구,행당1동,1.0,1.0,1.0,1.0,1.0
846,하나은행,성동구,행당2동,1.0,1.0,1.0,1.0,1.0
847,하나은행,성동구,성수1가1동,1.0,1.0,1.0,1.0,1.0
848,하나은행,성동구,성수2가3동,1.0,1.0,1.0,1.0,1.0
849,하나은행,성동구,왕십리도선동,2.0,2.0,1.0,1.0,1.0
850,하나은행,성동구,옥수동,1.0,1.0,1.0,1.0,1.0
851,하나은행,광진구,화양동,2.0,2.0,1.0,1.0,1.0
852,하나은행,광진구,군자동,1.0,1.0,1.0,0.0,0.0
853,하나은행,광진구,중곡2동,1.0,1.0,1.0,1.0,1.0
854,하나은행,광진구,중곡3동,1.0,1.0,1.0,1.0,0.0
855,하나은행,광진구,중곡4동,1.0,1.0,1.0,1.0,1.0
856,하나은행,광진구,구의1동,1.0,1.0,1.0,1.0,1.0
857,하나은행,광진구,구의3동,1.0,0.0,0.0,0.0,0.0
858,하나은행,광진구,광장동,3.0,3.0,3.0,3.0,2.0
859,하나은행,광진구,자양3동,1.0,1.0,1.0,1.0,1.0
860,하나은행,동대문구,회기동,3.0,3.0,3.0,3.0,3.0
861,하나은행,동대문구,청량리동,1.0,1.0,1.0,1.0,1.0
862,하나은행,동대문구,용신동,1.0,2.0,1.0,1.0,1.0
863,하나은행,동대문구,전농2동,1.0,1.0,0.0,0.0,0.0
864,하나은행,동대문구,답십리1동,1.0,1.0,1.0,1.0,1.0
865,하나은행,동대문구,답십리2동,1.0,1.0,1.0,1.0,1.0
866,하나은행,동대문구,장안1동,1.0,1.0,1.0,1.0,1.0
867,하나은행,중랑구,면목5동,1.0,1.0,1.0,1.0,1.0
868,하나은행,중랑구,묵1동,1.0,1.0,1.0,0.0,0.0
869,하나은행,중랑구,묵2동,1.0,1.0,1.0,1.0,1.0
870,하나은행,중랑구,면목본동,1.0,1.0,0.0,0.0,0.0
871,하나은행,중랑구,망우본동,1.0,1.0,1.0,1.0,1.0
872,하나은행,성북구,돈암2동,1.0,1.0,0.0,0.0,0.0
873,하나은행,성북구,안암동,4.0,4.0,4.0,4.0,3.0
874,하나은행,성북구,정릉2동,1.0,1.0,1.0,1.0,1.0
875,하나은행,성북구,정릉4동,1.0,0.0,0.0,0.0,0.0
876,하나은행,성북구,길음1동,1.0,1.0,0.0,0.0,0.0
877,하나은행,성북구,월곡1동,1.0,1.0,1.0,1.0,1.0
878,하나은행,성북구,장위2동,1.0,1.0,0.0,0.0,0.0
879,하나은행,성북구,성북동,1.0,1.0,1.0,1.0,1.0
880,하나은행,성북구,삼선동,1.0,1.0,1.0,1.0,1.0
881,하나은행,성북구,동선동,1.0,1.0,1.0,1.0,1.0
882,하나은행,강북구,번1동,1.0,1.0,1.0,1.0,1.0
883,하나은행,강북구,번3동,1.0,1.0,1.0,1.0,1.0
884,하나은행,강북구,수유2동,1.0,1.0,0.0,0.0,0.0
885,하나은행,강북구,송천동,1.0,1.0,1.0,1.0,1.0
886,하나은행,강북구,삼각산동,1.0,1.0,0.0,0.0,0.0
887,하나은행,도봉구,쌍문1동,2.0,1.0,1.0,1.0,1.0
888,하나은행,도봉구,방학3동,1.0,1.0,1.0,1.0,1.0
889,하나은행,도봉구,창2동,1.0,1.0,0.0,0.0,0.0
890,하나은행,도봉구,창5동,1.0,1.0,1.0,1.0,1.0
891,하나은행,노원구,월계1동,1.0,1.0,1.0,1.0,1.0
892,하나은행,노원구,월계3동,1.0,1.0,1.0,1.0,1.0
893,하나은행,노원구,공릉2동,1.0,1.0,1.0,1.0,1.0
894,하나은행,노원구,하계1동,1.0,1.0,1.0,1.0,1.0
895,하나은행,노원구,중계1동,1.0,1.0,1.0,1.0,1.0
896,하나은행,노원구,상계9동,1.0,1.0,1.0,1.0,1.0
897,하나은행,노원구,상계6.7동,2.0,2.0,1.0,1.0,1.0
898,하나은행,은평구,불광1동,1.0,1.0,1.0,1.0,1.0
899,하나은행,은평구,응암2동,0.0,0.0,1.0,1.0,1.0
900,하나은행,은평구,신사1동,1.0,1.0,0.0,0.0,0.0
901,하나은행,은평구,진관동,1.0,1.0,1.0,1.0,1.0
902,하나은행,은평구,응암3동,1.0,1.0,0.0,0.0,0.0
903,하나은행,은평구,역촌동,1.0,1.0,1.0,1.0,1.0
904,하나은행,서대문구,홍제3동,1.0,1.0,1.0,1.0,1.0
905,하나은행,서대문구,홍은2동,1.0,1.0,1.0,1.0,1.0
906,하나은행,서대문구,남가좌1동,1.0,1.0,1.0,1.0,1.0
907,하나은행,서대문구,남가좌2동,1.0,1.0,1.0,1.0,1.0
908,하나은행,서대문구,북가좌2동,2.0,1.0,1.0,1.0,1.0
909,하나은행,서대문구,충현동,1.0,1.0,1.0,1.0,1.0
910,하나은행,서대문구,신촌동,1.0,1.0,0.0,0.0,0.0
911,하나은행,서대문구,연희동,1.0,1.0,1.0,1.0,1.0
912,하나은행,마포구,용강동,1.0,1.0,1.0,1.0,1.0
913,하나은행,마포구,대흥동,1.0,1.0,1.0,1.0,1.0
914,하나은행,마포구,서교동,3.0,3.0,3.0,3.0,3.0
915,하나은행,마포구,망원1동,1.0,1.0,1.0,1.0,1.0
916,하나은행,마포구,망원2동,1.0,0.0,0.0,0.0,0.0
917,하나은행,마포구,성산1동,1.0,1.0,1.0,1.0,1.0
918,하나은행,마포구,성산2동,1.0,0.0,0.0,0.0,0.0
919,하나은행,마포구,상암동,2.0,2.0,2.0,2.0,2.0
920,하나은행,마포구,도화동,1.0,1.0,1.0,1.0,1.0
921,하나은행,마포구,서강동,1.0,1.0,1.0,1.0,0.0
922,하나은행,마포구,공덕동,2.0,2.0,2.0,2.0,2.0
923,하나은행,마포구,아현동,1.0,1.0,1.0,1.0,1.0
924,하나은행,양천구,목1동,3.0,2.0,2.0,2.0,2.0
925,하나은행,양천구,목2동,0.0,0.0,0.0,1.0,1.0
926,하나은행,양천구,목3동,1.0,1.0,1.0,0.0,0.0
927,하나은행,양천구,신월1동,1.0,1.0,1.0,1.0,1.0
928,하나은행,양천구,신월7동,1.0,1.0,0.0,0.0,0.0
929,하나은행,양천구,신정1동,0.0,1.0,1.0,1.0,1.0
930,하나은행,양천구,신정2동,1.0,1.0,1.0,1.0,1.0
931,하나은행,양천구,신정3동,1.0,0.0,0.0,0.0,0.0
932,하나은행,양천구,신정6동,1.0,1.0,0.0,0.0,0.0
933,하나은행,양천구,신정7동,1.0,1.0,1.0,1.0,1.0
934,하나은행,양천구,목5동,2.0,2.0,2.0,2.0,2.0
935,하나은행,양천구,신정4동,1.0,1.0,1.0,0.0,0.0
936,하나은행,강서구,등촌2동,1.0,1.0,1.0,0.0,0.0
937,하나은행,강서구,등촌3동,1.0,0.0,0.0,0.0,0.0
938,하나은행,강서구,화곡3동,1.0,0.0,1.0,1.0,1.0
939,하나은행,강서구,화곡6동,1.0,1.0,1.0,1.0,1.0
940,하나은행,강서구,가양1동,0.0,1.0,1.0,1.0,1.0
941,하나은행,강서구,방화1동,1.0,1.0,1.0,1.0,1.0
942,하나은행,강서구,우장산동,2.0,2.0,0.0,0.0,0.0
943,하나은행,구로구,신도림동,1.0,1.0,1.0,0.0,0.0
944,하나은행,구로구,구로3동,2.0,2.0,2.0,2.0,2.0
945,하나은행,구로구,구로4동,1.0,1.0,0.0,0.0,0.0
946,하나은행,구로구,구로5동,2.0,1.0,1.0,1.0,1.0
947,하나은행,구로구,고척1동,1.0,1.0,1.0,1.0,1.0
948,하나은행,구로구,개봉2동,1.0,1.0,1.0,1.0,1.0
949,하나은행,구로구,오류1동,1.0,1.0,1.0,1.0,1.0
950,하나은행,구로구,가리봉동,1.0,1.0,0.0,0.0,0.0
951,하나은행,구로구,구로2동,3.0,2.0,2.0,2.0,2.0
952,하나은행,금천구,가산동,2.0,2.0,1.0,1.0,1.0
953,하나은행,금천구,독산1동,1.0,1.0,1.0,1.0,1.0
954,하나은행,금천구,시흥1동,1.0,1.0,1.0,1.0,1.0
955,하나은행,금천구,시흥2동,1.0,0.0,0.0,0.0,0.0
956,하나은행,금천구,시흥4동,1.0,1.0,1.0,0.0,1.0
957,하나은행,금천구,시흥5동,0.0,0.0,0.0,1.0,0.0
958,하나은행,영등포구,여의동,8.0,8.0,8.0,8.0,7.0
959,하나은행,영등포구,당산2동,2.0,2.0,2.0,2.0,1.0
960,하나은행,영등포구,신길4동,1.0,1.0,1.0,1.0,1.0
961,하나은행,영등포구,대림2동,1.0,1.0,1.0,1.0,0.0
962,하나은행,영등포구,대림3동,1.0,1.0,1.0,1.0,1.0
963,하나은행,영등포구,영등포동,2.0,2.0,2.0,2.0,1.0
964,하나은행,영등포구,문래동,2.0,2.0,1.0,1.0,1.0
965,하나은행,동작구,상도1동,1.0,1.0,1.0,1.0,1.0
966,하나은행,동작구,상도2동,1.0,0.0,0.0,0.0,0.0
967,하나은행,동작구,상도3동,1.0,1.0,1.0,1.0,0.0
968,하나은행,동작구,사당1동,1.0,1.0,0.0,0.0,0.0
969,하나은행,동작구,신대방1동,1.0,1.0,0.0,0.0,0.0
970,하나은행,동작구,신대방2동,1.0,1.0,1.0,1.0,1.0
971,하나은행,동작구,흑석동,1.0,1.0,1.0,1.0,1.0
972,하나은행,동작구,노량진1동,1.0,1.0,1.0,1.0,1.0
973,하나은행,동작구,사당2동,1.0,1.0,1.0,1.0,1.0
974,하나은행,관악구,낙성대동,1.0,1.0,1.0,1.0,1.0
975,하나은행,관악구,인헌동,1.0,1.0,1.0,1.0,1.0
976,하나은행,관악구,신림동,1.0,1.0,1.0,1.0,1.0
977,하나은행,관악구,청룡동,1.0,1.0,1.0,0.0,0.0
978,하나은행,서초구,서초1동,2.0,2.0,2.0,2.0,2.0
979,하나은행,서초구,서초2동,4.0,4.0,4.0,4.0,3.0
980,하나은행,서초구,서초3동,4.0,4.0,4.0,4.0,4.0
981,하나은행,서초구,서초4동,3.0,3.0,3.0,2.0,2.0
982,하나은행,서초구,잠원동,2.0,2.0,1.0,1.0,1.0
983,하나은행,서초구,반포1동,1.0,1.0,0.0,0.0,0.0
984,하나은행,서초구,반포2동,2.0,2.0,2.0,2.0,2.0
985,하나은행,서초구,반포3동,1.0,1.0,2.0,2.0,2.0
986,하나은행,서초구,반포4동,3.0,2.0,2.0,2.0,2.0
987,하나은행,서초구,방배본동,1.0,1.0,1.0,1.0,1.0
988,하나은행,서초구,방배1동,1.0,1.0,1.0,1.0,1.0
989,하나은행,서초구,방배3동,1.0,0.0,0.0,0.0,0.0
990,하나은행,서초구,방배4동,1.0,1.0,1.0,1.0,1.0
991,하나은행,서초구,양재1동,2.0,2.0,2.0,2.0,2.0
992,하나은행,서초구,양재2동,2.0,3.0,2.0,2.0,2.0
993,하나은행,서초구,내곡동,1.0,0.0,1.0,0.0,0.0
994,하나은행,강남구,신사동,1.0,1.0,1.0,1.0,1.0
995,하나은행,강남구,논현1동,3.0,3.0,2.0,2.0,2.0
996,하나은행,강남구,논현2동,5.0,4.0,2.0,1.0,1.0
997,하나은행,강남구,삼성1동,10.0,8.0,6.0,6.0,7.0
998,하나은행,강남구,삼성2동,1.0,0.0,1.0,2.0,2.0
999,하나은행,강남구,대치1동,2.0,2.0,1.0,1.0,1.0
1000,하나은행,강남구,대치4동,2.0,2.0,1.0,1.0,0.0
1001,하나은행,강남구,역삼1동,7.0,7.0,6.0,5.0,5.0
1002,하나은행,강남구,역삼2동,1.0,1.0,1.0,1.0,1.0
1003,하나은행,강남구,도곡1동,1.0,1.0,1.0,1.0,1.0
1004,하나은행,강남구,도곡2동,3.0,3.0,3.0,3.0,3.0
1005,하나은행,강남구,개포4동,1.0,1.0,1.0,1.0,1.0
1006,하나은행,강남구,일원본동,1.0,1.0,1.0,1.0,1.0
1007,하나은행,강남구,일원1동,1.0,1.0,0.0,0.0,0.0
1008,하나은행,강남구,일원2동,1.0,0.0,1.0,1.0,0.0
1009,하나은행,강남구,수서동,1.0,1.0,1.0,1.0,1.0
1010,하나은행,강남구,압구정동,5.0,4.0,4.0,3.0,3.0
1011,하나은행,강남구,청담동,4.0,4.0,4.0,4.0,4.0
1012,하나은행,강남구,대치2동,4.0,4.0,4.0,4.0,4.0
1013,하나은행,강남구,개포3동,0.0,0.0,0.0,0.0,1.0
1014,하나은행,송파구,풍납2동,3.0,3.0,3.0,3.0,3.0
1015,하나은행,송파구,거여2동,1.0,1.0,1.0,1.0,1.0
1016,하나은행,송파구,방이2동,1.0,1.0,1.0,1.0,1.0
1017,하나은행,송파구,오륜동,2.0,2.0,2.0,2.0,2.0
1018,하나은행,송파구,오금동,2.0,2.0,1.0,1.0,1.0
1019,하나은행,송파구,송파2동,1.0,1.0,1.0,1.0,1.0
1020,하나은행,송파구,석촌동,2.0,1.0,1.0,1.0,1.0
1021,하나은행,송파구,가락본동,1.0,1.0,1.0,1.0,1.0
1022,하나은행,송파구,가락1동,0.0,1.0,1.0,1.0,1.0
1023,하나은행,송파구,가락2동,1.0,1.0,1.0,1.0,1.0
1024,하나은행,송파구,문정1동,1.0,0.0,0.0,0.0,0.0
1025,하나은행,송파구,문정2동,2.0,2.0,2.0,2.0,2.0
1026,하나은행,송파구,잠실본동,1.0,1.0,1.0,1.0,1.0
1027,하나은행,송파구,잠실6동,3.0,3.0,3.0,3.0,2.0
1028,하나은행,송파구,잠실7동,1.0,1.0,1.0,1.0,1.0
1029,하나은행,송파구,잠실2동,1.0,1.0,1.0,1.0,0.0
1030,하나은행,송파구,잠실3동,2.0,1.0,1.0,1.0,1.0
1031,하나은행,송파구,장지동,1.0,1.0,1.0,0.0,0.0
1032,하나은행,강동구,강일동,1.0,1.0,0.0,0.0,0.0
1033,하나은행,강동구,상일동,1.0,1.0,1.0,0.0,0.0
1034,하나은행,강동구,명일1동,2.0,2.0,2.0,1.0,1.0
1035,하나은행,강동구,명일2동,1.0,1.0,1.0,1.0,1.0
1036,하나은행,강동구,천호3동,1.0,1.0,1.0,1.0,1.0
1037,하나은행,강동구,성내1동,1.0,1.0,0.0,0.0,0.0
1038,하나은행,강동구,성내3동,1.0,1.0,1.0,1.0,1.0
1039,하나은행,강동구,둔촌2동,1.0,1.0,0.0,0.0,0.0
1040,하나은행,강동구,천호2동,1.0,1.0,1.0,1.0,1.0
1041,하나은행,강동구,상일1동,0.0,0.0,0.0,1.0,1.0
1042,IBK기업은행,종로구,사직동,1.0,1.0,1.0,1.0,1.0
1043,IBK기업은행,종로구,무악동,1.0,1.0,1.0,1.0,1.0
1044,IBK기업은행,종로구,종로1.2.3.4가동,3.0,3.0,3.0,3.0,3.0
1045,IBK기업은행,종로구,종로5.6가동,1.0,1.0,1.0,1.0,1.0
1046,IBK기업은행,종로구,이화동,1.0,1.0,1.0,1.0,1.0
1047,IBK기업은행,종로구,창신1동,1.0,0.0,0.0,0.0,0.0
1048,IBK기업은행,중구,소공동,1.0,1.0,1.0,1.0,1.0
1049,IBK기업은행,중구,회현동,2.0,2.0,2.0,2.0,2.0
1050,IBK기업은행,중구,명동,6.0,6.0,6.0,6.0,6.0
1051,IBK기업은행,중구,광희동,3.0,3.0,3.0,3.0,3.0
1052,IBK기업은행,중구,을지로동,1.0,1.0,1.0,1.0,1.0
1053,IBK기업은행,중구,황학동,2.0,2.0,2.0,2.0,2.0
1054,IBK기업은행,중구,약수동,1.0,1.0,1.0,1.0,1.0
1055,IBK기업은행,용산구,남영동,1.0,1.0,1.0,1.0,1.0
1056,IBK기업은행,용산구,원효로2동,1.0,1.0,1.0,1.0,1.0
1057,IBK기업은행,용산구,이촌1동,1.0,1.0,1.0,1.0,1.0
1058,IBK기업은행,용산구,이태원1동,1.0,1.0,1.0,1.0,1.0
1059,IBK기업은행,용산구,이태원2동,1.0,1.0,1.0,1.0,1.0
1060,IBK기업은행,용산구,보광동,1.0,0.0,0.0,0.0,0.0
1061,IBK기업은행,용산구,한강로동,1.0,1.0,1.0,1.0,1.0
1062,IBK기업은행,용산구,한남동,2.0,2.0,2.0,2.0,2.0
1063,IBK기업은행,성동구,마장동,1.0,1.0,1.0,1.0,1.0
1064,IBK기업은행,성동구,성수1가2동,1.0,1.0,1.0,1.0,1.0
1065,IBK기업은행,성동구,성수2가1동,1.0,1.0,1.0,1.0,1.0
1066,IBK기업은행,성동구,성수2가3동,3.0,3.0,3.0,3.0,3.0
1067,IBK기업은행,성동구,용답동,1.0,1.0,1.0,1.0,1.0
1068,IBK기업은행,광진구,화양동,1.0,1.0,1.0,1.0,0.0
1069,IBK기업은행,광진구,중곡1동,1.0,0.0,0.0,0.0,0.0
1070,IBK기업은행,광진구,중곡2동,1.0,1.0,1.0,1.0,1.0
1071,IBK기업은행,광진구,구의1동,1.0,1.0,1.0,1.0,1.0
1072,IBK기업은행,광진구,광장동,1.0,1.0,1.0,1.0,1.0
1073,IBK기업은행,동대문구,청량리동,1.0,1.0,1.0,1.0,1.0
1074,IBK기업은행,동대문구,용신동,2.0,2.0,2.0,2.0,2.0
1075,IBK기업은행,동대문구,답십리1동,1.0,1.0,1.0,1.0,1.0
1076,IBK기업은행,동대문구,장안1동,1.0,1.0,1.0,1.0,1.0
1077,IBK기업은행,동대문구,이문1동,1.0,1.0,1.0,1.0,1.0
1078,IBK기업은행,중랑구,묵2동,1.0,1.0,1.0,1.0,1.0
1079,IBK기업은행,중랑구,면목본동,1.0,1.0,1.0,1.0,1.0
1080,IBK기업은행,성북구,안암동,1.0,1.0,1.0,1.0,1.0
1081,IBK기업은행,성북구,장위2동,1.0,1.0,1.0,1.0,1.0
1082,IBK기업은행,성북구,삼선동,1.0,1.0,1.0,1.0,1.0
1083,IBK기업은행,성북구,동선동,1.0,1.0,1.0,1.0,1.0
1084,IBK기업은행,성북구,종암동,1.0,1.0,1.0,1.0,1.0
1085,IBK기업은행,강북구,수유1동,0.0,0.0,0.0,0.0,1.0
1086,IBK기업은행,강북구,수유3동,1.0,1.0,1.0,1.0,0.0
1087,IBK기업은행,강북구,삼양동,1.0,1.0,1.0,1.0,1.0
1088,IBK기업은행,강북구,송천동,1.0,0.0,0.0,0.0,0.0
1089,IBK기업은행,강북구,우이동,1.0,0.0,0.0,0.0,0.0
1090,IBK기업은행,도봉구,방학1동,1.0,1.0,1.0,1.0,1.0
1091,IBK기업은행,도봉구,창1동,1.0,0.0,0.0,0.0,0.0
1092,IBK기업은행,노원구,공릉2동,1.0,1.0,1.0,1.0,1.0
1093,IBK기업은행,노원구,중계본동,1.0,1.0,1.0,1.0,1.0
1094,IBK기업은행,노원구,중계4동,1.0,1.0,1.0,1.0,1.0
1095,IBK기업은행,노원구,상계2동,1.0,1.0,1.0,1.0,1.0
1096,IBK기업은행,노원구,상계8동,1.0,1.0,1.0,1.0,1.0
1097,IBK기업은행,노원구,상계3.4동,1.0,1.0,0.0,0.0,0.0
1098,IBK기업은행,노원구,공릉1동,1.0,1.0,1.0,1.0,1.0
1099,IBK기업은행,은평구,불광1동,1.0,0.0,0.0,0.0,0.0
1100,IBK기업은행,은평구,대조동,0.0,1.0,1.0,1.0,1.0
1101,IBK기업은행,은평구,응암1동,1.0,1.0,1.0,1.0,1.0
1102,IBK기업은행,은평구,신사1동,1.0,0.0,0.0,0.0,0.0
1103,IBK기업은행,은평구,수색동,1.0,1.0,1.0,1.0,1.0
1104,IBK기업은행,서대문구,홍제2동,1.0,0.0,0.0,0.0,0.0
1105,IBK기업은행,서대문구,홍은2동,2.0,2.0,2.0,1.0,0.0
1106,IBK기업은행,서대문구,북가좌2동,1.0,1.0,1.0,1.0,1.0
1107,IBK기업은행,서대문구,북아현동,1.0,1.0,1.0,2.0,1.0
1108,IBK기업은행,서대문구,신촌동,1.0,1.0,1.0,0.0,1.0
1109,IBK기업은행,서대문구,연희동,1.0,1.0,1.0,1.0,1.0
1110,IBK기업은행,마포구,용강동,1.0,1.0,1.0,1.0,1.0
1111,IBK기업은행,마포구,서교동,1.0,1.0,1.0,1.0,1.0
1112,IBK기업은행,마포구,망원1동,1.0,1.0,1.0,1.0,1.0
1113,IBK기업은행,마포구,상암동,3.0,2.0,2.0,2.0,2.0
1114,IBK기업은행,마포구,도화동,1.0,1.0,1.0,1.0,0.0
1115,IBK기업은행,마포구,서강동,1.0,1.0,1.0,1.0,1.0
1116,IBK기업은행,마포구,공덕동,1.0,1.0,1.0,1.0,1.0
1117,IBK기업은행,마포구,아현동,1.0,1.0,1.0,1.0,1.0
1118,IBK기업은행,양천구,목1동,1.0,1.0,1.0,1.0,1.0
1119,IBK기업은행,양천구,목3동,1.0,1.0,1.0,1.0,1.0
1120,IBK기업은행,양천구,신정6동,1.0,1.0,1.0,1.0,1.0
1121,IBK기업은행,양천구,목5동,1.0,1.0,1.0,1.0,1.0
1122,IBK기업은행,양천구,신정4동,1.0,1.0,1.0,1.0,1.0
1123,IBK기업은행,강서구,등촌1동,2.0,2.0,2.0,2.0,2.0
1124,IBK기업은행,강서구,등촌3동,1.0,1.0,1.0,1.0,1.0
1125,IBK기업은행,강서구,화곡4동,1.0,1.0,1.0,1.0,1.0
1126,IBK기업은행,강서구,가양1동,1.0,1.0,1.0,1.0,1.0
1127,IBK기업은행,강서구,방화1동,1.0,1.0,1.0,1.0,1.0
1128,IBK기업은행,강서구,우장산동,1.0,1.0,1.0,1.0,1.0
1129,IBK기업은행,구로구,구로3동,5.0,5.0,5.0,5.0,5.0
1130,IBK기업은행,구로구,구로4동,2.0,2.0,2.0,2.0,2.0
1131,IBK기업은행,구로구,고척1동,1.0,1.0,1.0,1.0,1.0
1132,IBK기업은행,구로구,고척2동,1.0,1.0,1.0,1.0,1.0
1133,IBK기업은행,구로구,개봉2동,1.0,1.0,1.0,1.0,1.0
1134,IBK기업은행,구로구,오류1동,1.0,1.0,1.0,1.0,1.0
1135,IBK기업은행,구로구,수궁동,1.0,1.0,1.0,1.0,1.0
1136,IBK기업은행,구로구,구로2동,2.0,2.0,2.0,2.0,2.0
1137,IBK기업은행,금천구,가산동,8.0,8.0,8.0,8.0,8.0
1138,IBK기업은행,금천구,독산1동,1.0,1.0,1.0,1.0,1.0
1139,IBK기업은행,금천구,독산4동,1.0,1.0,1.0,1.0,1.0
1140,IBK기업은행,금천구,시흥1동,1.0,1.0,1.0,1.0,1.0
1141,IBK기업은행,금천구,시흥3동,2.0,2.0,2.0,0.0,2.0
1142,IBK기업은행,금천구,시흥4동,0.0,0.0,0.0,2.0,0.0
1143,IBK기업은행,영등포구,여의동,5.0,5.0,5.0,5.0,5.0
1144,IBK기업은행,영등포구,당산2동,1.0,1.0,1.0,0.0,0.0
1145,IBK기업은행,영등포구,양평1동,1.0,1.0,1.0,1.0,1.0
1146,IBK기업은행,영등포구,양평2동,0.0,0.0,0.0,1.0,1.0
1147,IBK기업은행,영등포구,신길1동,1.0,1.0,1.0,1.0,1.0
1148,IBK기업은행,영등포구,대림3동,1.0,1.0,1.0,1.0,1.0
1149,IBK기업은행,영등포구,영등포동,2.0,2.0,2.0,2.0,2.0
1150,IBK기업은행,영등포구,도림동,1.0,0.0,0.0,0.0,0.0
1151,IBK기업은행,영등포구,문래동,3.0,3.0,3.0,3.0,3.0
1152,IBK기업은행,동작구,사당1동,1.0,1.0,1.0,1.0,1.0
1153,IBK기업은행,동작구,신대방2동,1.0,1.0,1.0,1.0,1.0
1154,IBK기업은행,동작구,노량진1동,1.0,1.0,1.0,1.0,1.0
1155,IBK기업은행,관악구,인헌동,1.0,1.0,1.0,1.0,0.0
1156,IBK기업은행,관악구,서원동,1.0,0.0,0.0,0.0,0.0
1157,IBK기업은행,관악구,신사동,1.0,1.0,1.0,1.0,1.0
1158,IBK기업은행,관악구,청룡동,1.0,1.0,1.0,1.0,1.0
1159,IBK기업은행,관악구,미성동,1.0,1.0,1.0,1.0,1.0
1160,IBK기업은행,서초구,서초1동,1.0,1.0,1.0,1.0,1.0
1161,IBK기업은행,서초구,서초2동,2.0,2.0,2.0,2.0,1.0
1162,IBK기업은행,서초구,서초3동,3.0,3.0,3.0,3.0,3.0
1163,IBK기업은행,서초구,서초4동,1.0,1.0,1.0,1.0,1.0
1164,IBK기업은행,서초구,반포1동,2.0,2.0,2.0,2.0,2.0
1165,IBK기업은행,서초구,반포3동,1.0,1.0,1.0,1.0,1.0
1166,IBK기업은행,서초구,방배본동,1.0,1.0,1.0,1.0,1.0
1167,IBK기업은행,서초구,방배3동,1.0,1.0,1.0,1.0,1.0
1168,IBK기업은행,서초구,방배4동,1.0,1.0,1.0,1.0,1.0
1169,IBK기업은행,서초구,양재1동,1.0,1.0,1.0,1.0,1.0
1170,IBK기업은행,서초구,양재2동,1.0,1.0,1.0,1.0,1.0
1171,IBK기업은행,강남구,신사동,1.0,1.0,1.0,1.0,1.0
1172,IBK기업은행,강남구,논현1동,3.0,3.0,3.0,3.0,3.0
1173,IBK기업은행,강남구,논현2동,1.0,1.0,1.0,1.0,1.0
1174,IBK기업은행,강남구,삼성1동,3.0,2.0,2.0,2.0,2.0
1175,IBK기업은행,강남구,삼성2동,1.0,1.0,1.0,1.0,1.0
1176,IBK기업은행,강남구,대치1동,1.0,1.0,1.0,1.0,1.0
1177,IBK기업은행,강남구,대치4동,2.0,2.0,2.0,2.0,2.0
1178,IBK기업은행,강남구,역삼1동,4.0,5.0,5.0,4.0,5.0
1179,IBK기업은행,강남구,역삼2동,2.0,2.0,2.0,3.0,2.0
1180,IBK기업은행,강남구,도곡1동,1.0,1.0,1.0,1.0,1.0
1181,IBK기업은행,강남구,도곡2동,2.0,2.0,2.0,2.0,2.0
1182,IBK기업은행,강남구,압구정동,2.0,2.0,2.0,2.0,2.0
1183,IBK기업은행,강남구,청담동,2.0,2.0,2.0,2.0,2.0
1184,IBK기업은행,송파구,방이2동,1.0,1.0,1.0,1.0,1.0
1185,IBK기업은행,송파구,오금동,1.0,1.0,1.0,1.0,1.0
1186,IBK기업은행,송파구,송파1동,1.0,1.0,1.0,1.0,1.0
1187,IBK기업은행,송파구,석촌동,0.0,0.0,0.0,1.0,1.0
1188,IBK기업은행,송파구,삼전동,1.0,1.0,1.0,0.0,0.0
1189,IBK기업은행,송파구,가락본동,1.0,1.0,1.0,1.0,1.0
1190,IBK기업은행,송파구,문정2동,1.0,1.0,1.0,1.0,1.0
1191,IBK기업은행,송파구,잠실2동,1.0,1.0,1.0,1.0,1.0
1192,IBK기업은행,강동구,강일동,1.0,1.0,1.0,0.0,0.0
1193,IBK기업은행,강동구,천호3동,1.0,1.0,1.0,1.0,1.0
1194,IBK기업은행,강동구,성내1동,1.0,1.0,1.0,1.0,1.0
1195,IBK기업은행,강동구,성내3동,1.0,1.0,1.0,1.0,1.0
1196,IBK기업은행,강동구,암사1동,1.0,0.0,0.0,0.0,0.0
1197,IBK기업은행,강동구,길동,1.0,1.0,1.0,1.0,1.0
1198,IBK기업은행,강동구,강일동,0.0,0.0,0.0,1.0,0.0
1199,NH농협은행,종로구,사직동,5.0,5.0,5.0,5.0,5.0
1200,NH농협은행,종로구,삼청동,1.0,1.0,1.0,1.0,1.0
1201,NH농협은행,종로구,종로1.2.3.4가동,5.0,5.0,5.0,5.0,5.0
1202,NH농협은행,종로구,이화동,1.0,1.0,1.0,1.0,1.0
1203,NH농협은행,종로구,숭인2동,1.0,1.0,1.0,1.0,1.0
1204,NH농협은행,종로구,청운효자동,1.0,1.0,1.0,1.0,0.0
1205,NH농협은행,중구,소공동,3.0,3.0,3.0,3.0,3.0
1206,NH농협은행,중구,회현동,3.0,3.0,3.0,3.0,3.0
1207,NH농협은행,중구,명동,3.0,3.0,3.0,3.0,3.0
1208,NH농협은행,중구,필동,1.0,1.0,1.0,1.0,1.0
1209,NH농협은행,중구,광희동,1.0,1.0,1.0,1.0,1.0
1210,NH농협은행,중구,을지로동,1.0,1.0,1.0,1.0,1.0
1211,NH농협은행,중구,신당5동,1.0,1.0,1.0,1.0,1.0
1212,NH농협은행,중구,황학동,1.0,1.0,1.0,1.0,1.0
1213,NH농협은행,용산구,남영동,1.0,1.0,1.0,1.0,2.0
1214,NH농협은행,용산구,이태원2동,1.0,1.0,1.0,1.0,1.0
1215,NH농협은행,용산구,보광동,1.0,1.0,1.0,1.0,1.0
1216,NH농협은행,용산구,원효로1동,1.0,1.0,1.0,1.0,1.0
1217,NH농협은행,용산구,한강로동,3.0,3.0,3.0,3.0,3.0
1218,NH농협은행,용산구,한남동,1.0,1.0,1.0,1.0,1.0
1219,NH농협은행,성동구,행당1동,1.0,1.0,1.0,0.0,0.0
1220,NH농협은행,성동구,성수2가1동,1.0,1.0,1.0,1.0,1.0
1221,NH농협은행,성동구,성수2가3동,1.0,1.0,2.0,2.0,2.0
1222,NH농협은행,성동구,왕십리도선동,0.0,0.0,0.0,1.0,1.0
1223,NH농협은행,성동구,금호2.3가동,1.0,1.0,1.0,1.0,1.0
1224,NH농협은행,광진구,화양동,1.0,1.0,0.0,0.0,0.0
1225,NH농협은행,광진구,구의1동,1.0,1.0,1.0,1.0,1.0
1226,NH농협은행,동대문구,청량리동,1.0,1.0,1.0,1.0,1.0
1227,NH농협은행,동대문구,용신동,1.0,1.0,1.0,1.0,1.0
1228,NH농협은행,동대문구,제기동,1.0,1.0,1.0,1.0,1.0
1229,NH농협은행,동대문구,전농2동,1.0,1.0,1.0,1.0,1.0
1230,NH농협은행,동대문구,장안1동,1.0,1.0,1.0,1.0,1.0
1231,NH농협은행,중랑구,중화2동,1.0,1.0,1.0,1.0,1.0
1232,NH농협은행,중랑구,면목본동,1.0,1.0,1.0,1.0,1.0
1233,NH농협은행,성북구,보문동,1.0,1.0,1.0,1.0,1.0
1234,NH농협은행,성북구,정릉4동,1.0,1.0,1.0,1.0,1.0
1235,NH농협은행,성북구,길음1동,1.0,1.0,1.0,1.0,1.0
1236,NH농협은행,성북구,월곡2동,1.0,1.0,1.0,1.0,1.0
1237,NH농협은행,성북구,성북동,1.0,1.0,1.0,0.0,0.0
1238,NH농협은행,성북구,삼선동,0.0,0.0,0.0,1.0,1.0
1239,NH농협은행,강북구,수유1동,1.0,1.0,1.0,1.0,1.0
1240,NH농협은행,강북구,수유3동,1.0,1.0,1.0,1.0,1.0
1241,NH농협은행,강북구,송천동,1.0,1.0,1.0,1.0,0.0
1242,NH농협은행,강북구,삼각산동,0.0,0.0,0.0,0.0,1.0
1243,NH농협은행,도봉구,쌍문3동,1.0,1.0,1.0,0.0,0.0
1244,NH농협은행,도봉구,방학1동,1.0,1.0,1.0,1.0,1.0
1245,NH농협은행,도봉구,창4동,1.0,1.0,1.0,1.0,1.0
1246,NH농협은행,도봉구,도봉2동,1.0,1.0,1.0,1.0,1.0
1247,NH농협은행,노원구,공릉2동,1.0,1.0,1.0,1.0,1.0
1248,NH농협은행,노원구,상계5동,1.0,1.0,1.0,1.0,1.0
1249,NH농협은행,노원구,상계8동,1.0,1.0,1.0,1.0,1.0
1250,NH농협은행,노원구,상계6.7동,2.0,2.0,2.0,2.0,2.0
1251,NH농협은행,노원구,공릉1동,1.0,1.0,1.0,1.0,1.0
1252,NH농협은행,은평구,불광1동,1.0,1.0,1.0,1.0,1.0
1253,NH농협은행,은평구,응암1동,1.0,1.0,1.0,1.0,1.0
1254,NH농협은행,은평구,진관동,1.0,1.0,1.0,1.0,1.0
1255,NH농협은행,은평구,불광2동,1.0,1.0,1.0,1.0,1.0
1256,NH농협은행,서대문구,남가좌1동,1.0,1.0,1.0,1.0,1.0
1257,NH농협은행,서대문구,충현동,2.0,2.0,2.0,2.0,2.0
1258,NH농협은행,서대문구,신촌동,2.0,2.0,2.0,2.0,2.0
1259,NH농협은행,마포구,용강동,1.0,1.0,1.0,1.0,1.0
1260,NH농협은행,마포구,서교동,1.0,1.0,1.0,2.0,2.0
1261,NH농협은행,마포구,합정동,1.0,1.0,1.0,0.0,0.0
1262,NH농협은행,마포구,도화동,1.0,1.0,1.0,0.0,0.0
1263,NH농협은행,마포구,공덕동,1.0,0.0,0.0,0.0,0.0
1264,NH농협은행,마포구,아현동,1.0,1.0,1.0,1.0,1.0
1265,NH농협은행,양천구,목1동,1.0,1.0,1.0,1.0,1.0
1266,NH농협은행,양천구,목4동,1.0,1.0,1.0,1.0,1.0
1267,NH농협은행,양천구,신월1동,1.0,1.0,1.0,1.0,1.0
1268,NH농협은행,양천구,신월6동,1.0,1.0,1.0,1.0,1.0
1269,NH농협은행,양천구,신정4동,1.0,1.0,1.0,1.0,1.0
1270,NH농협은행,강서구,등촌1동,1.0,1.0,1.0,1.0,1.0
1271,NH농협은행,강서구,등촌3동,1.0,1.0,1.0,1.0,1.0
1272,NH농협은행,강서구,화곡4동,1.0,1.0,1.0,1.0,0.0
1273,NH농협은행,강서구,가양1동,1.0,1.0,1.0,2.0,2.0
1274,NH농협은행,강서구,가양2동,1.0,1.0,1.0,1.0,1.0
1275,NH농협은행,강서구,공항동,1.0,1.0,1.0,1.0,1.0
1276,NH농협은행,구로구,구로3동,1.0,1.0,1.0,1.0,1.0
1277,NH농협은행,구로구,구로4동,1.0,1.0,1.0,1.0,1.0
1278,NH농협은행,금천구,가산동,1.0,1.0,1.0,1.0,1.0
1279,NH농협은행,금천구,독산1동,1.0,1.0,1.0,1.0,1.0
1280,NH농협은행,금천구,독산2동,1.0,1.0,1.0,1.0,0.0
1281,NH농협은행,금천구,시흥1동,1.0,1.0,1.0,1.0,1.0
1282,NH농협은행,영등포구,여의동,8.0,8.0,8.0,8.0,8.0
1283,NH농협은행,영등포구,신길3동,1.0,1.0,1.0,1.0,1.0
1284,NH농협은행,영등포구,영등포동,2.0,2.0,2.0,2.0,2.0
1285,NH농협은행,동작구,상도4동,1.0,1.0,1.0,1.0,1.0
1286,NH농협은행,동작구,사당1동,1.0,1.0,1.0,1.0,1.0
1287,NH농협은행,동작구,신대방2동,1.0,1.0,1.0,1.0,1.0
1288,NH농협은행,동작구,흑석동,1.0,1.0,1.0,1.0,1.0
1289,NH농협은행,동작구,노량진1동,1.0,1.0,0.0,0.0,0.0
1290,NH농협은행,관악구,중앙동,1.0,1.0,1.0,1.0,1.0
1291,NH농협은행,관악구,대학동,1.0,1.0,1.0,1.0,1.0
1292,NH농협은행,관악구,미성동,1.0,0.0,0.0,0.0,0.0
1293,NH농협은행,서초구,서초1동,1.0,1.0,1.0,1.0,1.0
1294,NH농협은행,서초구,서초2동,1.0,1.0,1.0,1.0,1.0
1295,NH농협은행,서초구,서초3동,2.0,2.0,2.0,2.0,2.0
1296,NH농협은행,서초구,반포1동,1.0,1.0,1.0,1.0,1.0
1297,NH농협은행,서초구,방배본동,0.0,0.0,0.0,0.0,1.0
1298,NH농협은행,서초구,방배4동,2.0,2.0,2.0,2.0,1.0
1299,NH농협은행,서초구,양재2동,3.0,3.0,3.0,3.0,3.0
1300,NH농협은행,강남구,신사동,1.0,1.0,1.0,1.0,1.0
1301,NH농협은행,강남구,논현1동,2.0,2.0,2.0,2.0,2.0
1302,NH농협은행,강남구,논현2동,1.0,1.0,1.0,0.0,0.0
1303,NH농협은행,강남구,삼성1동,2.0,2.0,2.0,2.0,2.0
1304,NH농협은행,강남구,대치1동,2.0,2.0,2.0,1.0,1.0
1305,NH농협은행,강남구,대치4동,1.0,1.0,1.0,1.0,1.0
1306,NH농협은행,강남구,역삼1동,5.0,5.0,5.0,5.0,5.0
1307,NH농협은행,강남구,역삼2동,1.0,1.0,0.0,0.0,0.0
1308,NH농협은행,강남구,도곡1동,2.0,2.0,2.0,2.0,2.0
1309,NH농협은행,강남구,도곡2동,0.0,0.0,0.0,1.0,1.0
1310,NH농협은행,강남구,개포4동,1.0,1.0,1.0,1.0,1.0
1311,NH농협은행,강남구,일원1동,1.0,1.0,1.0,1.0,1.0
1312,NH농협은행,강남구,세곡동,1.0,1.0,1.0,1.0,1.0
1313,NH농협은행,강남구,압구정동,1.0,1.0,1.0,1.0,1.0
1314,NH농협은행,강남구,청담동,2.0,2.0,2.0,2.0,2.0
1315,NH농협은행,강남구,대치2동,1.0,2.0,2.0,2.0,2.0
1316,NH농협은행,송파구,거여2동,1.0,1.0,1.0,1.0,1.0
1317,NH농협은행,송파구,송파1동,1.0,1.0,1.0,1.0,1.0
1318,NH농협은행,송파구,가락본동,2.0,2.0,2.0,2.0,2.0
1319,NH농협은행,송파구,가락1동,2.0,2.0,2.0,2.0,2.0
1320,NH농협은행,송파구,가락2동,1.0,1.0,1.0,1.0,1.0
1321,NH농협은행,송파구,잠실본동,1.0,1.0,1.0,1.0,1.0
1322,NH농협은행,송파구,잠실6동,1.0,1.0,1.0,1.0,1.0
1323,NH농협은행,송파구,잠실2동,1.0,1.0,1.0,1.0,1.0
1324,NH농협은행,송파구,장지동,1.0,1.0,1.0,1.0,1.0
1325,NH농협은행,송파구,위례동,1.0,1.0,1.0,1.0,1.0
1326,NH농협은행,강동구,명일2동,1.0,1.0,1.0,1.0,1.0
1327,NH농협은행,강동구,성내1동,1.0,1.0,1.0,1.0,1.0
1328,NH농협은행,강동구,천호2동,1.0,1.0,1.0,1.0,1.0
1329,NH농협은행,강동구,길동,1.0,1.0,1.0,1.0,1.0
1330,수협은행,종로구,종로5.6가동,1.0,1.0,1.0,1.0,1.0
1331,수협은행,중구,명동,3.0,3.0,3.0,3.0,2.0
1332,수협은행,중구,광희동,1.0,1.0,1.0,1.0,1.0
1333,수협은행,중구,신당동,2.0,2.0,2.0,2.0,2.0
1334,수협은행,용산구,한강로동,1.0,1.0,1.0,1.0,1.0
1335,수협은행,성동구,성수1가2동,1.0,1.0,1.0,1.0,1.0
1336,수협은행,동대문구,용신동,1.0,1.0,1.0,1.0,1.0
1337,수협은행,동대문구,제기동,1.0,1.0,0.0,0.0,0.0
1338,수협은행,동대문구,장안1동,1.0,1.0,1.0,1.0,1.0
1339,수협은행,중랑구,면목2동,1.0,0.0,0.0,0.0,0.0
1340,수협은행,중랑구,상봉2동,0.0,1.0,1.0,1.0,1.0
1341,수협은행,중랑구,묵2동,1.0,1.0,1.0,1.0,1.0
1342,수협은행,성북구,성북동,1.0,1.0,1.0,1.0,1.0
1343,수협은행,강북구,수유3동,1.0,1.0,1.0,1.0,1.0
1344,수협은행,강북구,미아동,1.0,1.0,1.0,1.0,1.0
1345,수협은행,도봉구,쌍문3동,1.0,1.0,1.0,1.0,1.0
1346,수협은행,노원구,공릉1동,1.0,1.0,1.0,1.0,1.0
1347,수협은행,은평구,녹번동,1.0,1.0,1.0,1.0,1.0
1348,수협은행,은평구,응암3동,1.0,1.0,1.0,1.0,1.0
1349,수협은행,마포구,용강동,1.0,1.0,1.0,1.0,1.0
1350,수협은행,마포구,서교동,1.0,1.0,1.0,1.0,1.0
1351,수협은행,마포구,연남동,1.0,1.0,1.0,1.0,1.0
1352,수협은행,마포구,공덕동,1.0,1.0,1.0,1.0,1.0
1353,수협은행,양천구,신정4동,1.0,1.0,1.0,1.0,1.0
1354,수협은행,강서구,발산1동,1.0,2.0,2.0,2.0,2.0
1355,수협은행,강서구,방화2동,1.0,0.0,0.0,0.0,0.0
1356,수협은행,강서구,우장산동,1.0,1.0,1.0,1.0,1.0
1357,수협은행,금천구,가산동,1.0,1.0,1.0,1.0,1.0
1358,수협은행,금천구,독산1동,0.0,1.0,1.0,1.0,1.0
1359,수협은행,금천구,시흥1동,1.0,0.0,0.0,0.0,0.0
1360,수협은행,영등포구,여의동,2.0,2.0,2.0,2.0,2.0
1361,수협은행,영등포구,당산2동,0.0,0.0,0.0,0.0,1.0
1362,수협은행,영등포구,양평2동,1.0,1.0,1.0,1.0,0.0
1363,수협은행,영등포구,대림3동,1.0,1.0,1.0,1.0,1.0
1364,수협은행,영등포구,영등포동,1.0,1.0,1.0,1.0,1.0
1365,수협은행,동작구,노량진2동,1.0,1.0,1.0,1.0,1.0
1366,수협은행,동작구,사당1동,1.0,1.0,1.0,1.0,1.0
1367,수협은행,관악구,청룡동,1.0,1.0,1.0,1.0,1.0
1368,수협은행,서초구,서초2동,2.0,2.0,2.0,2.0,2.0
1369,수협은행,서초구,서초4동,1.0,1.0,1.0,1.0,1.0
1370,수협은행,서초구,양재1동,1.0,1.0,1.0,1.0,1.0
1371,수협은행,강남구,신사동,1.0,1.0,1.0,1.0,1.0
1372,수협은행,강남구,논현1동,1.0,1.0,1.0,1.0,1.0
1373,수협은행,강남구,논현2동,1.0,1.0,1.0,1.0,1.0
1374,수협은행,강남구,삼성2동,1.0,0.0,0.0,0.0,0.0
1375,수협은행,강남구,대치4동,1.0,1.0,1.0,1.0,1.0
1376,수협은행,강남구,역삼1동,4.0,4.0,4.0,4.0,4.0
1377,수협은행,강남구,일원본동,0.0,1.0,1.0,1.0,1.0
1378,수협은행,송파구,오륜동,1.0,1.0,1.0,0.0,0.0
1379,수협은행,송파구,오금동,1.0,1.0,1.0,1.0,1.0
1380,수협은행,송파구,석촌동,1.0,1.0,1.0,1.0,1.0
1381,수협은행,송파구,가락1동,2.0,2.0,2.0,2.0,2.0
1382,수협은행,송파구,잠실6동,1.0,1.0,1.0,1.0,1.0
1383,수협은행,강동구,암사1동,1.0,1.0,1.0,1.0,1.0
1384,수협은행,강동구,길동,1.0,1.0,1.0,1.0,1.0
1385,KDB산업은행,종로구,사직동,1.0,0.0,0.0,0.0,0.0
1386,KDB산업은행,종로구,종로1.2.3.4가동,1.0,1.0,1.0,1.0,1.0
1387,KDB산업은행,중구,소공동,1.0,1.0,1.0,1.0,1.0
1388,KDB산업은행,중구,신당동,1.0,1.0,0.0,0.0,0.0
1389,KDB산업은행,성동구,성수2가3동,1.0,1.0,1.0,1.0,1.0
1390,KDB산업은행,노원구,상계6.7동,1.0,1.0,1.0,1.0,1.0
1391,KDB산업은행,마포구,서교동,1.0,1.0,1.0,1.0,1.0
1392,KDB산업은행,양천구,신정4동,1.0,1.0,1.0,1.0,0.0
1393,KDB산업은행,강서구,발산1동,0.0,1.0,1.0,1.0,1.0
1394,KDB산업은행,금천구,가산동,1.0,1.0,1.0,1.0,1.0
1395,KDB산업은행,금천구,독산3동,1.0,1.0,1.0,1.0,1.0
1396,KDB산업은행,영등포구,여의동,2.0,2.0,2.0,2.0,2.0
1397,KDB산업은행,서초구,서초2동,1.0,1.0,1.0,1.0,1.0
1398,KDB산업은행,서초구,잠원동,1.0,1.0,1.0,1.0,1.0
1399,KDB산업은행,서초구,반포2동,1.0,1.0,1.0,1.0,1.0
1400,KDB산업은행,강남구,삼성1동,1.0,1.0,1.0,1.0,0.0
1401,KDB산업은행,강남구,대치1동,2.0,1.0,1.0,1.0,1.0
1402,KDB산업은행,강남구,도곡2동,1.0,1.0,1.0,1.0,1.0
1403,KDB산업은행,강남구,압구정동,1.0,1.0,1.0,1.0,1.0
1404,KDB산업은행,강남구,대치2동,0.0,0.0,0.0,0.0,1.0
1405,KDB산업은행,송파구,잠실본동,0.0,0.0,1.0,0.0,0.0
1406,KDB산업은행,송파구,잠실6동,1.0,1.0,0.0,1.0,1.0
1407,한국수출입은행,영등포구,여의동,1.0,1.0,1.0,1.0,1.0
1408,한국수출입은행,서초구,서초1동,1.0,1.0,1.0,1.0,1.0
1409,외국은행,종로구,사직동,1.0,1.0,1.0,1.0,1.0
1410,외국은행,종로구,종로1.2.3.4가동,10.0,10.0,10.0,9.0,9.0
1411,외국은행,중구,소공동,7.0,5.0,5.0,5.0,4.0
1412,외국은행,중구,회현동,2.0,2.0,2.0,2.0,3.0
1413,외국은행,중구,명동,14.0,14.0,14.0,14.0,14.0
1414,외국은행,광진구,화양동,0.0,0.0,0.0,0.0,1.0
1415,외국은행,영등포구,여의동,2.0,2.0,2.0,2.0,2.0
1416,외국은행,영등포구,대림2동,0.0,0.0,0.0,0.0,1.0
1417,외국은행,영등포구,대림3동,0.0,0.0,0.0,0.0,1.0
1418,외국은행,강남구,대치4동,1.0,1.0,1.0,1.0,1.0
